method,mode,alpha,alpha_stratum,metric,metric_label,value,analysis_role,support_variant,representation,supplementary_diagnostic_only,active_manuscript_claim,winner_ranking_authorized,composite_score_used
GraphST,diagonal_affine,0.25,interpolation,batch_asw,Batch ASW,0.00515015711396,primary,all_spots_primary,pca20_randomized_seed42,True,False,False,False
GraphST,diagonal_affine,0.25,interpolation,batch_mixing_entropy_k30,Batch mixing entropy (k=30),0.949688737206,primary,all_spots_primary,pca20_randomized_seed42,True,False,False,False
GraphST,diagonal_affine,0.25,interpolation,paired_retrieval_top1,Paired retrieval top-1,0.819440598172,primary,all_spots_primary,pca20_randomized_seed42,True,False,False,False
GraphST,diagonal_affine,0.25,interpolation,paired_retrieval_median_rank,Paired retrieval median rank,1,primary,all_spots_primary,pca20_randomized_seed42,True,False,False,False
GraphST,diagonal_affine,0.25,interpolation,domain_asw,Domain ASW,0.0293493620169,primary,all_spots_primary,pca20_randomized_seed42,True,False,False,False
GraphST,diagonal_affine,0.25,interpolation,domain_purity_k30,Domain purity (k=30),0.677028523955,primary,all_spots_primary,pca20_randomized_seed42,True,False,False,False
GraphST,diagonal_affine,0.25,interpolation,centroid_distance,Centroid distance,0.620855045031,primary,all_spots_primary,pca20_randomized_seed42,True,False,False,False
GraphST,diagonal_affine,0.25,interpolation,covariance_distance,Covariance distance,0.0420835814236,primary,all_spots_primary,pca20_randomized_seed42,True,False,False,False
GraphST,diagonal_affine,0.25,interpolation,mmd2_rbf_biased,Biased RBF MMD²,0.00742335202773,primary,all_spots_primary,pca20_randomized_seed42,True,False,False,False
GraphST,diagonal_affine,0.25,interpolation,paired_expression_correlation,Paired expression correlation,NA,primary,all_spots_primary,pca20_randomized_seed42,True,False,False,False
GraphST,diagonal_affine,0.5,interpolation,batch_asw,Batch ASW,0.0134347355668,primary,all_spots_primary,pca20_randomized_seed42,True,False,False,False
GraphST,diagonal_affine,0.5,interpolation,batch_mixing_entropy_k30,Batch mixing entropy (k=30),0.842041068837,primary,all_spots_primary,pca20_randomized_seed42,True,False,False,False
GraphST,diagonal_affine,0.5,interpolation,paired_retrieval_top1,Paired retrieval top-1,0.620880642481,primary,all_spots_primary,pca20_randomized_seed42,True,False,False,False
GraphST,diagonal_affine,0.5,interpolation,paired_retrieval_median_rank,Paired retrieval median rank,1,primary,all_spots_primary,pca20_randomized_seed42,True,False,False,False
GraphST,diagonal_affine,0.5,interpolation,domain_asw,Domain ASW,0.0302349191472,primary,all_spots_primary,pca20_randomized_seed42,True,False,False,False
GraphST,diagonal_affine,0.5,interpolation,domain_purity_k30,Domain purity (k=30),0.675348472261,primary,all_spots_primary,pca20_randomized_seed42,True,False,False,False
GraphST,diagonal_affine,0.5,interpolation,centroid_distance,Centroid distance,0.977920129779,primary,all_spots_primary,pca20_randomized_seed42,True,False,False,False
GraphST,diagonal_affine,0.5,interpolation,covariance_distance,Covariance distance,0.0795240845576,primary,all_spots_primary,pca20_randomized_seed42,True,False,False,False
GraphST,diagonal_affine,0.5,interpolation,mmd2_rbf_biased,Biased RBF MMD²,0.0169419710446,primary,all_spots_primary,pca20_randomized_seed42,True,False,False,False
GraphST,diagonal_affine,0.5,interpolation,paired_expression_correlation,Paired expression correlation,NA,primary,all_spots_primary,pca20_randomized_seed42,True,False,False,False
GraphST,diagonal_affine,0.75,interpolation,batch_asw,Batch ASW,0.0215668762931,primary,all_spots_primary,pca20_randomized_seed42,True,False,False,False
GraphST,diagonal_affine,0.75,interpolation,batch_mixing_entropy_k30,Batch mixing entropy (k=30),0.719387756452,primary,all_spots_primary,pca20_randomized_seed42,True,False,False,False
GraphST,diagonal_affine,0.75,interpolation,paired_retrieval_top1,Paired retrieval top-1,0.445306009416,primary,all_spots_primary,pca20_randomized_seed42,True,False,False,False
GraphST,diagonal_affine,0.75,interpolation,paired_retrieval_median_rank,Paired retrieval median rank,2,primary,all_spots_primary,pca20_randomized_seed42,True,False,False,False
GraphST,diagonal_affine,0.75,interpolation,domain_asw,Domain ASW,0.0291559869747,primary,all_spots_primary,pca20_randomized_seed42,True,False,False,False
GraphST,diagonal_affine,0.75,interpolation,domain_purity_k30,Domain purity (k=30),0.670760638789,primary,all_spots_primary,pca20_randomized_seed42,True,False,False,False
GraphST,diagonal_affine,0.75,interpolation,centroid_distance,Centroid distance,1.22779536549,primary,all_spots_primary,pca20_randomized_seed42,True,False,False,False
GraphST,diagonal_affine,0.75,interpolation,covariance_distance,Covariance distance,0.114114993251,primary,all_spots_primary,pca20_randomized_seed42,True,False,False,False
GraphST,diagonal_affine,0.75,interpolation,mmd2_rbf_biased,Biased RBF MMD²,0.0264148021737,primary,all_spots_primary,pca20_randomized_seed42,True,False,False,False
GraphST,diagonal_affine,0.75,interpolation,paired_expression_correlation,Paired expression correlation,NA,primary,all_spots_primary,pca20_randomized_seed42,True,False,False,False
GraphST,diagonal_affine,1,interpolation,batch_asw,Batch ASW,0.0297390010747,primary,all_spots_primary,pca20_randomized_seed42,True,False,False,False
GraphST,diagonal_affine,1,interpolation,batch_mixing_entropy_k30,Batch mixing entropy (k=30),0.582443338296,primary,all_spots_primary,pca20_randomized_seed42,True,False,False,False
GraphST,diagonal_affine,1,interpolation,paired_retrieval_top1,Paired retrieval top-1,0.304347826087,primary,all_spots_primary,pca20_randomized_seed42,True,False,False,False
GraphST,diagonal_affine,1,interpolation,paired_retrieval_median_rank,Paired retrieval median rank,8,primary,all_spots_primary,pca20_randomized_seed42,True,False,False,False
GraphST,diagonal_affine,1,interpolation,domain_asw,Domain ASW,0.0264039493585,primary,all_spots_primary,pca20_randomized_seed42,True,False,False,False
GraphST,diagonal_affine,1,interpolation,domain_purity_k30,Domain purity (k=30),0.670843718268,primary,all_spots_primary,pca20_randomized_seed42,True,False,False,False
GraphST,diagonal_affine,1,interpolation,centroid_distance,Centroid distance,1.43146113348,primary,all_spots_primary,pca20_randomized_seed42,True,False,False,False
GraphST,diagonal_affine,1,interpolation,covariance_distance,Covariance distance,0.136029987974,primary,all_spots_primary,pca20_randomized_seed42,True,False,False,False
GraphST,diagonal_affine,1,interpolation,mmd2_rbf_biased,Biased RBF MMD²,0.0351907441251,primary,all_spots_primary,pca20_randomized_seed42,True,False,False,False
GraphST,diagonal_affine,1,interpolation,paired_expression_correlation,Paired expression correlation,NA,primary,all_spots_primary,pca20_randomized_seed42,True,False,False,False
GraphST,diagonal_affine,1.25,extrapolation,batch_asw,Batch ASW,0.0369346961094,primary,all_spots_primary,pca20_randomized_seed42,True,False,False,False
GraphST,diagonal_affine,1.25,extrapolation,batch_mixing_entropy_k30,Batch mixing entropy (k=30),0.467551094943,primary,all_spots_primary,pca20_randomized_seed42,True,False,False,False
GraphST,diagonal_affine,1.25,extrapolation,paired_retrieval_top1,Paired retrieval top-1,0.202713929659,primary,all_spots_primary,pca20_randomized_seed42,True,False,False,False
GraphST,diagonal_affine,1.25,extrapolation,paired_retrieval_median_rank,Paired retrieval median rank,24,primary,all_spots_primary,pca20_randomized_seed42,True,False,False,False
GraphST,diagonal_affine,1.25,extrapolation,domain_asw,Domain ASW,0.0267631794631,primary,all_spots_primary,pca20_randomized_seed42,True,False,False,False
GraphST,diagonal_affine,1.25,extrapolation,domain_purity_k30,Domain purity (k=30),0.66715591249,primary,all_spots_primary,pca20_randomized_seed42,True,False,False,False
GraphST,diagonal_affine,1.25,extrapolation,centroid_distance,Centroid distance,1.57796129887,primary,all_spots_primary,pca20_randomized_seed42,True,False,False,False
GraphST,diagonal_affine,1.25,extrapolation,covariance_distance,Covariance distance,0.153667088397,primary,all_spots_primary,pca20_randomized_seed42,True,False,False,False
GraphST,diagonal_affine,1.25,extrapolation,mmd2_rbf_biased,Biased RBF MMD²,0.0440803233782,primary,all_spots_primary,pca20_randomized_seed42,True,False,False,False
GraphST,diagonal_affine,1.25,extrapolation,paired_expression_correlation,Paired expression correlation,NA,primary,all_spots_primary,pca20_randomized_seed42,True,False,False,False
GraphST,diagonal_affine,1.5,extrapolation,batch_asw,Batch ASW,0.043178917777,primary,all_spots_primary,pca20_randomized_seed42,True,False,False,False
GraphST,diagonal_affine,1.5,extrapolation,batch_mixing_entropy_k30,Batch mixing entropy (k=30),0.383009127344,primary,all_spots_primary,pca20_randomized_seed42,True,False,False,False
GraphST,diagonal_affine,1.5,extrapolation,paired_retrieval_top1,Paired retrieval top-1,0.126003877042,primary,all_spots_primary,pca20_randomized_seed42,True,False,False,False
GraphST,diagonal_affine,1.5,extrapolation,paired_retrieval_median_rank,Paired retrieval median rank,51,primary,all_spots_primary,pca20_randomized_seed42,True,False,False,False
GraphST,diagonal_affine,1.5,extrapolation,domain_asw,Domain ASW,0.0280468565842,primary,all_spots_primary,pca20_randomized_seed42,True,False,False,False
GraphST,diagonal_affine,1.5,extrapolation,domain_purity_k30,Domain purity (k=30),0.668369795994,primary,all_spots_primary,pca20_randomized_seed42,True,False,False,False
GraphST,diagonal_affine,1.5,extrapolation,centroid_distance,Centroid distance,1.68139102734,primary,all_spots_primary,pca20_randomized_seed42,True,False,False,False
GraphST,diagonal_affine,1.5,extrapolation,covariance_distance,Covariance distance,0.166753149052,primary,all_spots_primary,pca20_randomized_seed42,True,False,False,False
GraphST,diagonal_affine,1.5,extrapolation,mmd2_rbf_biased,Biased RBF MMD²,0.050871199132,primary,all_spots_primary,pca20_randomized_seed42,True,False,False,False
GraphST,diagonal_affine,1.5,extrapolation,paired_expression_correlation,Paired expression correlation,NA,primary,all_spots_primary,pca20_randomized_seed42,True,False,False,False
GraphST,shift_only,0.25,interpolation,batch_asw,Batch ASW,0.00701495444807,primary,all_spots_primary,pca20_randomized_seed42,True,False,False,False
GraphST,shift_only,0.25,interpolation,batch_mixing_entropy_k30,Batch mixing entropy (k=30),0.935206063641,primary,all_spots_primary,pca20_randomized_seed42,True,False,False,False
GraphST,shift_only,0.25,interpolation,paired_retrieval_top1,Paired retrieval top-1,0.778731653282,primary,all_spots_primary,pca20_randomized_seed42,True,False,False,False
GraphST,shift_only,0.25,interpolation,paired_retrieval_median_rank,Paired retrieval median rank,1,primary,all_spots_primary,pca20_randomized_seed42,True,False,False,False
GraphST,shift_only,0.25,interpolation,domain_asw,Domain ASW,0.0297910127973,primary,all_spots_primary,pca20_randomized_seed42,True,False,False,False
GraphST,shift_only,0.25,interpolation,domain_purity_k30,Domain purity (k=30),0.67550078464,primary,all_spots_primary,pca20_randomized_seed42,True,False,False,False
GraphST,shift_only,0.25,interpolation,centroid_distance,Centroid distance,0.715929581756,primary,all_spots_primary,pca20_randomized_seed42,True,False,False,False
GraphST,shift_only,0.25,interpolation,covariance_distance,Covariance distance,0.0468262674913,primary,all_spots_primary,pca20_randomized_seed42,True,False,False,False
GraphST,shift_only,0.25,interpolation,mmd2_rbf_biased,Biased RBF MMD²,0.0100204646039,primary,all_spots_primary,pca20_randomized_seed42,True,False,False,False
GraphST,shift_only,0.25,interpolation,paired_expression_correlation,Paired expression correlation,NA,primary,all_spots_primary,pca20_randomized_seed42,True,False,False,False
GraphST,shift_only,0.5,interpolation,batch_asw,Batch ASW,0.0168871608994,primary,all_spots_primary,pca20_randomized_seed42,True,False,False,False
GraphST,shift_only,0.5,interpolation,batch_mixing_entropy_k30,Batch mixing entropy (k=30),0.813686976599,primary,all_spots_primary,pca20_randomized_seed42,True,False,False,False
GraphST,shift_only,0.5,interpolation,paired_retrieval_top1,Paired retrieval top-1,0.579063971199,primary,all_spots_primary,pca20_randomized_seed42,True,False,False,False
GraphST,shift_only,0.5,interpolation,paired_retrieval_median_rank,Paired retrieval median rank,1,primary,all_spots_primary,pca20_randomized_seed42,True,False,False,False
GraphST,shift_only,0.5,interpolation,domain_asw,Domain ASW,0.0293782259928,primary,all_spots_primary,pca20_randomized_seed42,True,False,False,False
GraphST,shift_only,0.5,interpolation,domain_purity_k30,Domain purity (k=30),0.675168466722,primary,all_spots_primary,pca20_randomized_seed42,True,False,False,False
GraphST,shift_only,0.5,interpolation,centroid_distance,Centroid distance,1.08381349903,primary,all_spots_primary,pca20_randomized_seed42,True,False,False,False
GraphST,shift_only,0.5,interpolation,covariance_distance,Covariance distance,0.0874935097452,primary,all_spots_primary,pca20_randomized_seed42,True,False,False,False
GraphST,shift_only,0.5,interpolation,mmd2_rbf_biased,Biased RBF MMD²,0.0213540305721,primary,all_spots_primary,pca20_randomized_seed42,True,False,False,False
GraphST,shift_only,0.5,interpolation,paired_expression_correlation,Paired expression correlation,NA,primary,all_spots_primary,pca20_randomized_seed42,True,False,False,False
GraphST,shift_only,0.75,interpolation,batch_asw,Batch ASW,0.0254712499223,primary,all_spots_primary,pca20_randomized_seed42,True,False,False,False
GraphST,shift_only,0.75,interpolation,batch_mixing_entropy_k30,Batch mixing entropy (k=30),0.681430980152,primary,all_spots_primary,pca20_randomized_seed42,True,False,False,False
GraphST,shift_only,0.75,interpolation,paired_retrieval_top1,Paired retrieval top-1,0.384657989477,primary,all_spots_primary,pca20_randomized_seed42,True,False,False,False
GraphST,shift_only,0.75,interpolation,paired_retrieval_median_rank,Paired retrieval median rank,4,primary,all_spots_primary,pca20_randomized_seed42,True,False,False,False
GraphST,shift_only,0.75,interpolation,domain_asw,Domain ASW,0.0292843610283,primary,all_spots_primary,pca20_randomized_seed42,True,False,False,False
GraphST,shift_only,0.75,interpolation,domain_purity_k30,Domain purity (k=30),0.667354380135,primary,all_spots_primary,pca20_randomized_seed42,True,False,False,False
GraphST,shift_only,0.75,interpolation,centroid_distance,Centroid distance,1.31894636665,primary,all_spots_primary,pca20_randomized_seed42,True,False,False,False
GraphST,shift_only,0.75,interpolation,covariance_distance,Covariance distance,0.122009109228,primary,all_spots_primary,pca20_randomized_seed42,True,False,False,False
GraphST,shift_only,0.75,interpolation,mmd2_rbf_biased,Biased RBF MMD²,0.0310835172168,primary,all_spots_primary,pca20_randomized_seed42,True,False,False,False
GraphST,shift_only,0.75,interpolation,paired_expression_correlation,Paired expression correlation,NA,primary,all_spots_primary,pca20_randomized_seed42,True,False,False,False
GraphST,shift_only,1,interpolation,batch_asw,Batch ASW,0.0332886597613,primary,all_spots_primary,pca20_randomized_seed42,True,False,False,False
GraphST,shift_only,1,interpolation,batch_mixing_entropy_k30,Batch mixing entropy (k=30),0.548461037353,primary,all_spots_primary,pca20_randomized_seed42,True,False,False,False
GraphST,shift_only,1,interpolation,paired_retrieval_top1,Paired retrieval top-1,0.232068679036,primary,all_spots_primary,pca20_randomized_seed42,True,False,False,False
GraphST,shift_only,1,interpolation,paired_retrieval_median_rank,Paired retrieval median rank,18,primary,all_spots_primary,pca20_randomized_seed42,True,False,False,False
GraphST,shift_only,1,interpolation,domain_asw,Domain ASW,0.0262818032794,primary,all_spots_primary,pca20_randomized_seed42,True,False,False,False
GraphST,shift_only,1,interpolation,domain_purity_k30,Domain purity (k=30),0.663066555894,primary,all_spots_primary,pca20_randomized_seed42,True,False,False,False
GraphST,shift_only,1,interpolation,centroid_distance,Centroid distance,1.49269063125,primary,all_spots_primary,pca20_randomized_seed42,True,False,False,False
GraphST,shift_only,1,interpolation,covariance_distance,Covariance distance,0.14828384622,primary,all_spots_primary,pca20_randomized_seed42,True,False,False,False
GraphST,shift_only,1,interpolation,mmd2_rbf_biased,Biased RBF MMD²,0.0396479589651,primary,all_spots_primary,pca20_randomized_seed42,True,False,False,False
GraphST,shift_only,1,interpolation,paired_expression_correlation,Paired expression correlation,NA,primary,all_spots_primary,pca20_randomized_seed42,True,False,False,False
GraphST,shift_only,1.25,extrapolation,batch_asw,Batch ASW,0.0415397377761,primary,all_spots_primary,pca20_randomized_seed42,True,False,False,False
GraphST,shift_only,1.25,extrapolation,batch_mixing_entropy_k30,Batch mixing entropy (k=30),0.437659043859,primary,all_spots_primary,pca20_randomized_seed42,True,False,False,False
GraphST,shift_only,1.25,extrapolation,paired_retrieval_top1,Paired retrieval top-1,0.140404320133,primary,all_spots_primary,pca20_randomized_seed42,True,False,False,False
GraphST,shift_only,1.25,extrapolation,paired_retrieval_median_rank,Paired retrieval median rank,43,primary,all_spots_primary,pca20_randomized_seed42,True,False,False,False
GraphST,shift_only,1.25,extrapolation,domain_asw,Domain ASW,0.0282969968569,primary,all_spots_primary,pca20_randomized_seed42,True,False,False,False
GraphST,shift_only,1.25,extrapolation,domain_purity_k30,Domain purity (k=30),0.659692605926,primary,all_spots_primary,pca20_randomized_seed42,True,False,False,False
GraphST,shift_only,1.25,extrapolation,centroid_distance,Centroid distance,1.64197711829,primary,all_spots_primary,pca20_randomized_seed42,True,False,False,False
GraphST,shift_only,1.25,extrapolation,covariance_distance,Covariance distance,0.16764319783,primary,all_spots_primary,pca20_randomized_seed42,True,False,False,False
GraphST,shift_only,1.25,extrapolation,mmd2_rbf_biased,Biased RBF MMD²,0.0494321976476,primary,all_spots_primary,pca20_randomized_seed42,True,False,False,False
GraphST,shift_only,1.25,extrapolation,paired_expression_correlation,Paired expression correlation,NA,primary,all_spots_primary,pca20_randomized_seed42,True,False,False,False
GraphST,shift_only,1.5,extrapolation,batch_asw,Batch ASW,0.049222716944,primary,all_spots_primary,pca20_randomized_seed42,True,False,False,False
GraphST,shift_only,1.5,extrapolation,batch_mixing_entropy_k30,Batch mixing entropy (k=30),0.358165458007,primary,all_spots_primary,pca20_randomized_seed42,True,False,False,False
GraphST,shift_only,1.5,extrapolation,paired_retrieval_top1,Paired retrieval top-1,0.0706175574633,primary,all_spots_primary,pca20_randomized_seed42,True,False,False,False
GraphST,shift_only,1.5,extrapolation,paired_retrieval_median_rank,Paired retrieval median rank,87,primary,all_spots_primary,pca20_randomized_seed42,True,False,False,False
GraphST,shift_only,1.5,extrapolation,domain_asw,Domain ASW,0.0270064858096,primary,all_spots_primary,pca20_randomized_seed42,True,False,False,False
GraphST,shift_only,1.5,extrapolation,domain_purity_k30,Domain purity (k=30),0.666652820087,primary,all_spots_primary,pca20_randomized_seed42,True,False,False,False
GraphST,shift_only,1.5,extrapolation,centroid_distance,Centroid distance,1.73462954824,primary,all_spots_primary,pca20_randomized_seed42,True,False,False,False
GraphST,shift_only,1.5,extrapolation,covariance_distance,Covariance distance,0.188724742403,primary,all_spots_primary,pca20_randomized_seed42,True,False,False,False
GraphST,shift_only,1.5,extrapolation,mmd2_rbf_biased,Biased RBF MMD²,0.0583763615712,primary,all_spots_primary,pca20_randomized_seed42,True,False,False,False
GraphST,shift_only,1.5,extrapolation,paired_expression_correlation,Paired expression correlation,NA,primary,all_spots_primary,pca20_randomized_seed42,True,False,False,False
STAMP,diagonal_affine,0.25,interpolation,batch_asw,Batch ASW,0.000470533882568,primary,all_spots_primary,native_10d_topics,True,False,False,False
STAMP,diagonal_affine,0.25,interpolation,batch_mixing_entropy_k30,Batch mixing entropy (k=30),0.972229032379,primary,all_spots_primary,native_10d_topics,True,False,False,False
STAMP,diagonal_affine,0.25,interpolation,paired_retrieval_top1,Paired retrieval top-1,0.356687898089,primary,all_spots_primary,native_10d_topics,True,False,False,False
STAMP,diagonal_affine,0.25,interpolation,paired_retrieval_median_rank,Paired retrieval median rank,3,primary,all_spots_primary,native_10d_topics,True,False,False,False
STAMP,diagonal_affine,0.25,interpolation,domain_asw,Domain ASW,0.173238402581,primary,all_spots_primary,native_10d_topics,True,False,False,False
STAMP,diagonal_affine,0.25,interpolation,domain_purity_k30,Domain purity (k=30),0.727743930582,primary,all_spots_primary,native_10d_topics,True,False,False,False
STAMP,diagonal_affine,0.25,interpolation,centroid_distance,Centroid distance,0.134244298016,primary,all_spots_primary,native_10d_topics,True,False,False,False
STAMP,diagonal_affine,0.25,interpolation,covariance_distance,Covariance distance,0.0419729182245,primary,all_spots_primary,native_10d_topics,True,False,False,False
STAMP,diagonal_affine,0.25,interpolation,mmd2_rbf_biased,Biased RBF MMD²,0.000664579276301,primary,all_spots_primary,native_10d_topics,True,False,False,False
STAMP,diagonal_affine,0.25,interpolation,paired_expression_correlation,Paired expression correlation,NA,primary,all_spots_primary,native_10d_topics,True,False,False,False
STAMP,diagonal_affine,0.5,interpolation,batch_asw,Batch ASW,0.0257802369099,primary,all_spots_primary,native_10d_topics,True,False,False,False
STAMP,diagonal_affine,0.5,interpolation,batch_mixing_entropy_k30,Batch mixing entropy (k=30),0.690137521829,primary,all_spots_primary,native_10d_topics,True,False,False,False
STAMP,diagonal_affine,0.5,interpolation,paired_retrieval_top1,Paired retrieval top-1,0.0703406258654,primary,all_spots_primary,native_10d_topics,True,False,False,False
STAMP,diagonal_affine,0.5,interpolation,paired_retrieval_median_rank,Paired retrieval median rank,59,primary,all_spots_primary,native_10d_topics,True,False,False,False
STAMP,diagonal_affine,0.5,interpolation,domain_asw,Domain ASW,0.126268883862,primary,all_spots_primary,native_10d_topics,True,False,False,False
STAMP,diagonal_affine,0.5,interpolation,domain_purity_k30,Domain purity (k=30),0.705557094064,primary,all_spots_primary,native_10d_topics,True,False,False,False
STAMP,diagonal_affine,0.5,interpolation,centroid_distance,Centroid distance,0.795449819671,primary,all_spots_primary,native_10d_topics,True,False,False,False
STAMP,diagonal_affine,0.5,interpolation,covariance_distance,Covariance distance,0.241849947553,primary,all_spots_primary,native_10d_topics,True,False,False,False
STAMP,diagonal_affine,0.5,interpolation,mmd2_rbf_biased,Biased RBF MMD²,0.0240584346873,primary,all_spots_primary,native_10d_topics,True,False,False,False
STAMP,diagonal_affine,0.5,interpolation,paired_expression_correlation,Paired expression correlation,NA,primary,all_spots_primary,native_10d_topics,True,False,False,False
STAMP,diagonal_affine,0.75,interpolation,batch_asw,Batch ASW,0.0163216210168,primary,all_spots_primary,native_10d_topics,True,False,False,False
STAMP,diagonal_affine,0.75,interpolation,batch_mixing_entropy_k30,Batch mixing entropy (k=30),0.462645867837,primary,all_spots_primary,native_10d_topics,True,False,False,False
STAMP,diagonal_affine,0.75,interpolation,paired_retrieval_top1,Paired retrieval top-1,0.0304624757685,primary,all_spots_primary,native_10d_topics,True,False,False,False
STAMP,diagonal_affine,0.75,interpolation,paired_retrieval_median_rank,Paired retrieval median rank,107,primary,all_spots_primary,native_10d_topics,True,False,False,False
STAMP,diagonal_affine,0.75,interpolation,domain_asw,Domain ASW,0.106769396452,primary,all_spots_primary,native_10d_topics,True,False,False,False
STAMP,diagonal_affine,0.75,interpolation,domain_purity_k30,Domain purity (k=30),0.686951906212,primary,all_spots_primary,native_10d_topics,True,False,False,False
STAMP,diagonal_affine,0.75,interpolation,centroid_distance,Centroid distance,0.372041487673,primary,all_spots_primary,native_10d_topics,True,False,False,False
STAMP,diagonal_affine,0.75,interpolation,covariance_distance,Covariance distance,0.245513688577,primary,all_spots_primary,native_10d_topics,True,False,False,False
STAMP,diagonal_affine,0.75,interpolation,mmd2_rbf_biased,Biased RBF MMD²,0.0117189330301,primary,all_spots_primary,native_10d_topics,True,False,False,False
STAMP,diagonal_affine,0.75,interpolation,paired_expression_correlation,Paired expression correlation,NA,primary,all_spots_primary,native_10d_topics,True,False,False,False
STAMP,diagonal_affine,1,interpolation,batch_asw,Batch ASW,0.0116348960907,primary,all_spots_primary,native_10d_topics,True,False,False,False
STAMP,diagonal_affine,1,interpolation,batch_mixing_entropy_k30,Batch mixing entropy (k=30),0.607512455316,primary,all_spots_primary,native_10d_topics,True,False,False,False
STAMP,diagonal_affine,1,interpolation,paired_retrieval_top1,Paired retrieval top-1,0.0276931597895,primary,all_spots_primary,native_10d_topics,True,False,False,False
STAMP,diagonal_affine,1,interpolation,paired_retrieval_median_rank,Paired retrieval median rank,85,primary,all_spots_primary,native_10d_topics,True,False,False,False
STAMP,diagonal_affine,1,interpolation,domain_asw,Domain ASW,0.128511164111,primary,all_spots_primary,native_10d_topics,True,False,False,False
STAMP,diagonal_affine,1,interpolation,domain_purity_k30,Domain purity (k=30),0.701887750392,primary,all_spots_primary,native_10d_topics,True,False,False,False
STAMP,diagonal_affine,1,interpolation,centroid_distance,Centroid distance,0.404067017837,primary,all_spots_primary,native_10d_topics,True,False,False,False
STAMP,diagonal_affine,1,interpolation,covariance_distance,Covariance distance,0.235150819193,primary,all_spots_primary,native_10d_topics,True,False,False,False
STAMP,diagonal_affine,1,interpolation,mmd2_rbf_biased,Biased RBF MMD²,0.0129658697237,primary,all_spots_primary,native_10d_topics,True,False,False,False
STAMP,diagonal_affine,1,interpolation,paired_expression_correlation,Paired expression correlation,NA,primary,all_spots_primary,native_10d_topics,True,False,False,False
STAMP,diagonal_affine,1.25,extrapolation,batch_asw,Batch ASW,0.0118590454395,primary,all_spots_primary,native_10d_topics,True,False,False,False
STAMP,diagonal_affine,1.25,extrapolation,batch_mixing_entropy_k30,Batch mixing entropy (k=30),0.707402902547,primary,all_spots_primary,native_10d_topics,True,False,False,False
STAMP,diagonal_affine,1.25,extrapolation,paired_retrieval_top1,Paired retrieval top-1,0.0257546386043,primary,all_spots_primary,native_10d_topics,True,False,False,False
STAMP,diagonal_affine,1.25,extrapolation,paired_retrieval_median_rank,Paired retrieval median rank,104,primary,all_spots_primary,native_10d_topics,True,False,False,False
STAMP,diagonal_affine,1.25,extrapolation,domain_asw,Domain ASW,0.129433177001,primary,all_spots_primary,native_10d_topics,True,False,False,False
STAMP,diagonal_affine,1.25,extrapolation,domain_purity_k30,Domain purity (k=30),0.681939444291,primary,all_spots_primary,native_10d_topics,True,False,False,False
STAMP,diagonal_affine,1.25,extrapolation,centroid_distance,Centroid distance,0.596062800354,primary,all_spots_primary,native_10d_topics,True,False,False,False
STAMP,diagonal_affine,1.25,extrapolation,covariance_distance,Covariance distance,0.239320031577,primary,all_spots_primary,native_10d_topics,True,False,False,False
STAMP,diagonal_affine,1.25,extrapolation,mmd2_rbf_biased,Biased RBF MMD²,0.0151492187746,primary,all_spots_primary,native_10d_topics,True,False,False,False
STAMP,diagonal_affine,1.25,extrapolation,paired_expression_correlation,Paired expression correlation,NA,primary,all_spots_primary,native_10d_topics,True,False,False,False
STAMP,diagonal_affine,1.5,extrapolation,batch_asw,Batch ASW,0.013898607177,primary,all_spots_primary,native_10d_topics,True,False,False,False
STAMP,diagonal_affine,1.5,extrapolation,batch_mixing_entropy_k30,Batch mixing entropy (k=30),0.714187923236,primary,all_spots_primary,native_10d_topics,True,False,False,False
STAMP,diagonal_affine,1.5,extrapolation,paired_retrieval_top1,Paired retrieval top-1,0.0135696482969,primary,all_spots_primary,native_10d_topics,True,False,False,False
STAMP,diagonal_affine,1.5,extrapolation,paired_retrieval_median_rank,Paired retrieval median rank,124,primary,all_spots_primary,native_10d_topics,True,False,False,False
STAMP,diagonal_affine,1.5,extrapolation,domain_asw,Domain ASW,0.128897336796,primary,all_spots_primary,native_10d_topics,True,False,False,False
STAMP,diagonal_affine,1.5,extrapolation,domain_purity_k30,Domain purity (k=30),0.680900950798,primary,all_spots_primary,native_10d_topics,True,False,False,False
STAMP,diagonal_affine,1.5,extrapolation,centroid_distance,Centroid distance,0.684282889092,primary,all_spots_primary,native_10d_topics,True,False,False,False
STAMP,diagonal_affine,1.5,extrapolation,covariance_distance,Covariance distance,0.240541684153,primary,all_spots_primary,native_10d_topics,True,False,False,False
STAMP,diagonal_affine,1.5,extrapolation,mmd2_rbf_biased,Biased RBF MMD²,0.0183711943097,primary,all_spots_primary,native_10d_topics,True,False,False,False
STAMP,diagonal_affine,1.5,extrapolation,paired_expression_correlation,Paired expression correlation,NA,primary,all_spots_primary,native_10d_topics,True,False,False,False
STAMP,shift_only,0.25,interpolation,batch_asw,Batch ASW,0.000926480908734,primary,all_spots_primary,native_10d_topics,True,False,False,False
STAMP,shift_only,0.25,interpolation,batch_mixing_entropy_k30,Batch mixing entropy (k=30),0.958753837626,primary,all_spots_primary,native_10d_topics,True,False,False,False
STAMP,shift_only,0.25,interpolation,paired_retrieval_top1,Paired retrieval top-1,0.290224314594,primary,all_spots_primary,native_10d_topics,True,False,False,False
STAMP,shift_only,0.25,interpolation,paired_retrieval_median_rank,Paired retrieval median rank,5,primary,all_spots_primary,native_10d_topics,True,False,False,False
STAMP,shift_only,0.25,interpolation,domain_asw,Domain ASW,0.165443867645,primary,all_spots_primary,native_10d_topics,True,False,False,False
STAMP,shift_only,0.25,interpolation,domain_purity_k30,Domain purity (k=30),0.725639250438,primary,all_spots_primary,native_10d_topics,True,False,False,False
STAMP,shift_only,0.25,interpolation,centroid_distance,Centroid distance,0.193993158003,primary,all_spots_primary,native_10d_topics,True,False,False,False
STAMP,shift_only,0.25,interpolation,covariance_distance,Covariance distance,0.0664787178509,primary,all_spots_primary,native_10d_topics,True,False,False,False
STAMP,shift_only,0.25,interpolation,mmd2_rbf_biased,Biased RBF MMD²,0.00100026684127,primary,all_spots_primary,native_10d_topics,True,False,False,False
STAMP,shift_only,0.25,interpolation,paired_expression_correlation,Paired expression correlation,NA,primary,all_spots_primary,native_10d_topics,True,False,False,False
STAMP,shift_only,0.5,interpolation,batch_asw,Batch ASW,0.032557014858,primary,all_spots_primary,native_10d_topics,True,False,False,False
STAMP,shift_only,0.5,interpolation,batch_mixing_entropy_k30,Batch mixing entropy (k=30),0.578449466352,primary,all_spots_primary,native_10d_topics,True,False,False,False
STAMP,shift_only,0.5,interpolation,paired_retrieval_top1,Paired retrieval top-1,0.0506784824148,primary,all_spots_primary,native_10d_topics,True,False,False,False
STAMP,shift_only,0.5,interpolation,paired_retrieval_median_rank,Paired retrieval median rank,87,primary,all_spots_primary,native_10d_topics,True,False,False,False
STAMP,shift_only,0.5,interpolation,domain_asw,Domain ASW,0.121103086247,primary,all_spots_primary,native_10d_topics,True,False,False,False
STAMP,shift_only,0.5,interpolation,domain_purity_k30,Domain purity (k=30),0.70311086495,primary,all_spots_primary,native_10d_topics,True,False,False,False
STAMP,shift_only,0.5,interpolation,centroid_distance,Centroid distance,0.871074074796,primary,all_spots_primary,native_10d_topics,True,False,False,False
STAMP,shift_only,0.5,interpolation,covariance_distance,Covariance distance,0.272438274102,primary,all_spots_primary,native_10d_topics,True,False,False,False
STAMP,shift_only,0.5,interpolation,mmd2_rbf_biased,Biased RBF MMD²,0.0301778098013,primary,all_spots_primary,native_10d_topics,True,False,False,False
STAMP,shift_only,0.5,interpolation,paired_expression_correlation,Paired expression correlation,NA,primary,all_spots_primary,native_10d_topics,True,False,False,False
STAMP,shift_only,0.75,interpolation,batch_asw,Batch ASW,0.0230038931983,primary,all_spots_primary,native_10d_topics,True,False,False,False
STAMP,shift_only,0.75,interpolation,batch_mixing_entropy_k30,Batch mixing entropy (k=30),0.434171383952,primary,all_spots_primary,native_10d_topics,True,False,False,False
STAMP,shift_only,0.75,interpolation,paired_retrieval_top1,Paired retrieval top-1,0.0207698698421,primary,all_spots_primary,native_10d_topics,True,False,False,False
STAMP,shift_only,0.75,interpolation,paired_retrieval_median_rank,Paired retrieval median rank,92,primary,all_spots_primary,native_10d_topics,True,False,False,False
STAMP,shift_only,0.75,interpolation,domain_asw,Domain ASW,0.114428788436,primary,all_spots_primary,native_10d_topics,True,False,False,False
STAMP,shift_only,0.75,interpolation,domain_purity_k30,Domain purity (k=30),0.690016615896,primary,all_spots_primary,native_10d_topics,True,False,False,False
STAMP,shift_only,0.75,interpolation,centroid_distance,Centroid distance,0.589685730695,primary,all_spots_primary,native_10d_topics,True,False,False,False
STAMP,shift_only,0.75,interpolation,covariance_distance,Covariance distance,0.245095820226,primary,all_spots_primary,native_10d_topics,True,False,False,False
STAMP,shift_only,0.75,interpolation,mmd2_rbf_biased,Biased RBF MMD²,0.0177300856114,primary,all_spots_primary,native_10d_topics,True,False,False,False
STAMP,shift_only,0.75,interpolation,paired_expression_correlation,Paired expression correlation,NA,primary,all_spots_primary,native_10d_topics,True,False,False,False
STAMP,shift_only,1,interpolation,batch_asw,Batch ASW,0.00827166838899,primary,all_spots_primary,native_10d_topics,True,False,False,False
STAMP,shift_only,1,interpolation,batch_mixing_entropy_k30,Batch mixing entropy (k=30),0.673272499247,primary,all_spots_primary,native_10d_topics,True,False,False,False
STAMP,shift_only,1,interpolation,paired_retrieval_top1,Paired retrieval top-1,0.034339518139,primary,all_spots_primary,native_10d_topics,True,False,False,False
STAMP,shift_only,1,interpolation,paired_retrieval_median_rank,Paired retrieval median rank,52,primary,all_spots_primary,native_10d_topics,True,False,False,False
STAMP,shift_only,1,interpolation,domain_asw,Domain ASW,0.129787392497,primary,all_spots_primary,native_10d_topics,True,False,False,False
STAMP,shift_only,1,interpolation,domain_purity_k30,Domain purity (k=30),0.695864488138,primary,all_spots_primary,native_10d_topics,True,False,False,False
STAMP,shift_only,1,interpolation,centroid_distance,Centroid distance,0.252412718981,primary,all_spots_primary,native_10d_topics,True,False,False,False
STAMP,shift_only,1,interpolation,covariance_distance,Covariance distance,0.177617562125,primary,all_spots_primary,native_10d_topics,True,False,False,False
STAMP,shift_only,1,interpolation,mmd2_rbf_biased,Biased RBF MMD²,0.00758458528531,primary,all_spots_primary,native_10d_topics,True,False,False,False
STAMP,shift_only,1,interpolation,paired_expression_correlation,Paired expression correlation,NA,primary,all_spots_primary,native_10d_topics,True,False,False,False
STAMP,shift_only,1.25,extrapolation,batch_asw,Batch ASW,0.00584605726249,primary,all_spots_primary,native_10d_topics,True,False,False,False
STAMP,shift_only,1.25,extrapolation,batch_mixing_entropy_k30,Batch mixing entropy (k=30),0.759156775342,primary,all_spots_primary,native_10d_topics,True,False,False,False
STAMP,shift_only,1.25,extrapolation,paired_retrieval_top1,Paired retrieval top-1,0.0382165605096,primary,all_spots_primary,native_10d_topics,True,False,False,False
STAMP,shift_only,1.25,extrapolation,paired_retrieval_median_rank,Paired retrieval median rank,56,primary,all_spots_primary,native_10d_topics,True,False,False,False
STAMP,shift_only,1.25,extrapolation,domain_asw,Domain ASW,0.13189371043,primary,all_spots_primary,native_10d_topics,True,False,False,False
STAMP,shift_only,1.25,extrapolation,domain_purity_k30,Domain purity (k=30),0.690552016985,primary,all_spots_primary,native_10d_topics,True,False,False,False
STAMP,shift_only,1.25,extrapolation,centroid_distance,Centroid distance,0.306616807004,primary,all_spots_primary,native_10d_topics,True,False,False,False
STAMP,shift_only,1.25,extrapolation,covariance_distance,Covariance distance,0.168012400023,primary,all_spots_primary,native_10d_topics,True,False,False,False
STAMP,shift_only,1.25,extrapolation,mmd2_rbf_biased,Biased RBF MMD²,0.00689048899472,primary,all_spots_primary,native_10d_topics,True,False,False,False
STAMP,shift_only,1.25,extrapolation,paired_expression_correlation,Paired expression correlation,NA,primary,all_spots_primary,native_10d_topics,True,False,False,False
STAMP,shift_only,1.5,extrapolation,batch_asw,Batch ASW,0.00529526207588,primary,all_spots_primary,native_10d_topics,True,False,False,False
STAMP,shift_only,1.5,extrapolation,batch_mixing_entropy_k30,Batch mixing entropy (k=30),0.753739187859,primary,all_spots_primary,native_10d_topics,True,False,False,False
STAMP,shift_only,1.5,extrapolation,paired_retrieval_top1,Paired retrieval top-1,0.0409858764885,primary,all_spots_primary,native_10d_topics,True,False,False,False
STAMP,shift_only,1.5,extrapolation,paired_retrieval_median_rank,Paired retrieval median rank,59,primary,all_spots_primary,native_10d_topics,True,False,False,False
STAMP,shift_only,1.5,extrapolation,domain_asw,Domain ASW,0.142582461495,primary,all_spots_primary,native_10d_topics,True,False,False,False
STAMP,shift_only,1.5,extrapolation,domain_purity_k30,Domain purity (k=30),0.701758515647,primary,all_spots_primary,native_10d_topics,True,False,False,False
STAMP,shift_only,1.5,extrapolation,centroid_distance,Centroid distance,0.354914740934,primary,all_spots_primary,native_10d_topics,True,False,False,False
STAMP,shift_only,1.5,extrapolation,covariance_distance,Covariance distance,0.151044674027,primary,all_spots_primary,native_10d_topics,True,False,False,False
STAMP,shift_only,1.5,extrapolation,mmd2_rbf_biased,Biased RBF MMD²,0.00524841889255,primary,all_spots_primary,native_10d_topics,True,False,False,False
STAMP,shift_only,1.5,extrapolation,paired_expression_correlation,Paired expression correlation,NA,primary,all_spots_primary,native_10d_topics,True,False,False,False
scVI,diagonal_affine,0.25,interpolation,batch_asw,Batch ASW,0.00420219171194,primary,all_spots_primary,native_10d_latent,True,False,False,False
scVI,diagonal_affine,0.25,interpolation,batch_mixing_entropy_k30,Batch mixing entropy (k=30),0.938980411806,primary,all_spots_primary,native_10d_latent,True,False,False,False
scVI,diagonal_affine,0.25,interpolation,paired_retrieval_top1,Paired retrieval top-1,0.828579340903,primary,all_spots_primary,native_10d_latent,True,False,False,False
scVI,diagonal_affine,0.25,interpolation,paired_retrieval_median_rank,Paired retrieval median rank,1,primary,all_spots_primary,native_10d_latent,True,False,False,False
scVI,diagonal_affine,0.25,interpolation,domain_asw,Domain ASW,0.0413104215052,primary,all_spots_primary,native_10d_latent,True,False,False,False
scVI,diagonal_affine,0.25,interpolation,domain_purity_k30,Domain purity (k=30),0.615138927352,primary,all_spots_primary,native_10d_latent,True,False,False,False
scVI,diagonal_affine,0.25,interpolation,centroid_distance,Centroid distance,0.397400324772,primary,all_spots_primary,native_10d_latent,True,False,False,False
scVI,diagonal_affine,0.25,interpolation,covariance_distance,Covariance distance,0.0780631416153,primary,all_spots_primary,native_10d_latent,True,False,False,False
scVI,diagonal_affine,0.25,interpolation,mmd2_rbf_biased,Biased RBF MMD²,0.0074963597642,primary,all_spots_primary,native_10d_latent,True,False,False,False
scVI,diagonal_affine,0.25,interpolation,paired_expression_correlation,Paired expression correlation,0.995734570176,primary,all_spots_primary,native_10d_latent,True,False,False,False
scVI,diagonal_affine,0.5,interpolation,batch_asw,Batch ASW,0.0120446985417,primary,all_spots_primary,native_10d_latent,True,False,False,False
scVI,diagonal_affine,0.5,interpolation,batch_mixing_entropy_k30,Batch mixing entropy (k=30),0.845487415475,primary,all_spots_primary,native_10d_latent,True,False,False,False
scVI,diagonal_affine,0.5,interpolation,paired_retrieval_top1,Paired retrieval top-1,0.682082525616,primary,all_spots_primary,native_10d_latent,True,False,False,False
scVI,diagonal_affine,0.5,interpolation,paired_retrieval_median_rank,Paired retrieval median rank,1,primary,all_spots_primary,native_10d_latent,True,False,False,False
scVI,diagonal_affine,0.5,interpolation,domain_asw,Domain ASW,0.0423133973737,primary,all_spots_primary,native_10d_latent,True,False,False,False
scVI,diagonal_affine,0.5,interpolation,domain_purity_k30,Domain purity (k=30),0.61222191452,primary,all_spots_primary,native_10d_latent,True,False,False,False
scVI,diagonal_affine,0.5,interpolation,centroid_distance,Centroid distance,0.593194138009,primary,all_spots_primary,native_10d_latent,True,False,False,False
scVI,diagonal_affine,0.5,interpolation,covariance_distance,Covariance distance,0.0913395576778,primary,all_spots_primary,native_10d_latent,True,False,False,False
scVI,diagonal_affine,0.5,interpolation,mmd2_rbf_biased,Biased RBF MMD²,0.0155563545326,primary,all_spots_primary,native_10d_latent,True,False,False,False
scVI,diagonal_affine,0.5,interpolation,paired_expression_correlation,Paired expression correlation,0.992402671643,primary,all_spots_primary,native_10d_latent,True,False,False,False
scVI,diagonal_affine,0.75,interpolation,batch_asw,Batch ASW,0.0168577637064,primary,all_spots_primary,native_10d_latent,True,False,False,False
scVI,diagonal_affine,0.75,interpolation,batch_mixing_entropy_k30,Batch mixing entropy (k=30),0.774687835264,primary,all_spots_primary,native_10d_latent,True,False,False,False
scVI,diagonal_affine,0.75,interpolation,paired_retrieval_top1,Paired retrieval top-1,0.554970922182,primary,all_spots_primary,native_10d_latent,True,False,False,False
scVI,diagonal_affine,0.75,interpolation,paired_retrieval_median_rank,Paired retrieval median rank,1,primary,all_spots_primary,native_10d_latent,True,False,False,False
scVI,diagonal_affine,0.75,interpolation,domain_asw,Domain ASW,0.0395855890266,primary,all_spots_primary,native_10d_latent,True,False,False,False
scVI,diagonal_affine,0.75,interpolation,domain_purity_k30,Domain purity (k=30),0.607190990492,primary,all_spots_primary,native_10d_latent,True,False,False,False
scVI,diagonal_affine,0.75,interpolation,centroid_distance,Centroid distance,0.653178353701,primary,all_spots_primary,native_10d_latent,True,False,False,False
scVI,diagonal_affine,0.75,interpolation,covariance_distance,Covariance distance,0.104485217303,primary,all_spots_primary,native_10d_latent,True,False,False,False
scVI,diagonal_affine,0.75,interpolation,mmd2_rbf_biased,Biased RBF MMD²,0.0188221909557,primary,all_spots_primary,native_10d_latent,True,False,False,False
scVI,diagonal_affine,0.75,interpolation,paired_expression_correlation,Paired expression correlation,0.98899494661,primary,all_spots_primary,native_10d_latent,True,False,False,False
scVI,diagonal_affine,1,interpolation,batch_asw,Batch ASW,0.0190409013266,primary,all_spots_primary,native_10d_latent,True,False,False,False
scVI,diagonal_affine,1,interpolation,batch_mixing_entropy_k30,Batch mixing entropy (k=30),0.756390124388,primary,all_spots_primary,native_10d_latent,True,False,False,False
scVI,diagonal_affine,1,interpolation,paired_retrieval_top1,Paired retrieval top-1,0.345056770978,primary,all_spots_primary,native_10d_latent,True,False,False,False
scVI,diagonal_affine,1,interpolation,paired_retrieval_median_rank,Paired retrieval median rank,5,primary,all_spots_primary,native_10d_latent,True,False,False,False
scVI,diagonal_affine,1,interpolation,domain_asw,Domain ASW,0.0423025286448,primary,all_spots_primary,native_10d_latent,True,False,False,False
scVI,diagonal_affine,1,interpolation,domain_purity_k30,Domain purity (k=30),0.604846302963,primary,all_spots_primary,native_10d_latent,True,False,False,False
scVI,diagonal_affine,1,interpolation,centroid_distance,Centroid distance,0.670766556902,primary,all_spots_primary,native_10d_latent,True,False,False,False
scVI,diagonal_affine,1,interpolation,covariance_distance,Covariance distance,0.114421259152,primary,all_spots_primary,native_10d_latent,True,False,False,False
scVI,diagonal_affine,1,interpolation,mmd2_rbf_biased,Biased RBF MMD²,0.0210201123246,primary,all_spots_primary,native_10d_latent,True,False,False,False
scVI,diagonal_affine,1,interpolation,paired_expression_correlation,Paired expression correlation,0.986899001763,primary,all_spots_primary,native_10d_latent,True,False,False,False
scVI,diagonal_affine,1.25,extrapolation,batch_asw,Batch ASW,0.0243291221497,primary,all_spots_primary,native_10d_latent,True,False,False,False
scVI,diagonal_affine,1.25,extrapolation,batch_mixing_entropy_k30,Batch mixing entropy (k=30),0.72952771209,primary,all_spots_primary,native_10d_latent,True,False,False,False
scVI,diagonal_affine,1.25,extrapolation,paired_retrieval_top1,Paired retrieval top-1,0.267792855165,primary,all_spots_primary,native_10d_latent,True,False,False,False
scVI,diagonal_affine,1.25,extrapolation,paired_retrieval_median_rank,Paired retrieval median rank,9,primary,all_spots_primary,native_10d_latent,True,False,False,False
scVI,diagonal_affine,1.25,extrapolation,domain_asw,Domain ASW,0.0402410142301,primary,all_spots_primary,native_10d_latent,True,False,False,False
scVI,diagonal_affine,1.25,extrapolation,domain_purity_k30,Domain purity (k=30),0.598541493584,primary,all_spots_primary,native_10d_latent,True,False,False,False
scVI,diagonal_affine,1.25,extrapolation,centroid_distance,Centroid distance,0.769233867317,primary,all_spots_primary,native_10d_latent,True,False,False,False
scVI,diagonal_affine,1.25,extrapolation,covariance_distance,Covariance distance,0.109712650022,primary,all_spots_primary,native_10d_latent,True,False,False,False
scVI,diagonal_affine,1.25,extrapolation,mmd2_rbf_biased,Biased RBF MMD²,0.0278417899561,primary,all_spots_primary,native_10d_latent,True,False,False,False
scVI,diagonal_affine,1.25,extrapolation,paired_expression_correlation,Paired expression correlation,0.983758198358,primary,all_spots_primary,native_10d_latent,True,False,False,False
scVI,diagonal_affine,1.5,extrapolation,batch_asw,Batch ASW,0.029891785496,primary,all_spots_primary,native_10d_latent,True,False,False,False
scVI,diagonal_affine,1.5,extrapolation,batch_mixing_entropy_k30,Batch mixing entropy (k=30),0.723989139942,primary,all_spots_primary,native_10d_latent,True,False,False,False
scVI,diagonal_affine,1.5,extrapolation,paired_retrieval_top1,Paired retrieval top-1,0.224037662697,primary,all_spots_primary,native_10d_latent,True,False,False,False
scVI,diagonal_affine,1.5,extrapolation,paired_retrieval_median_rank,Paired retrieval median rank,13,primary,all_spots_primary,native_10d_latent,True,False,False,False
scVI,diagonal_affine,1.5,extrapolation,domain_asw,Domain ASW,0.036213687201,primary,all_spots_primary,native_10d_latent,True,False,False,False
scVI,diagonal_affine,1.5,extrapolation,domain_purity_k30,Domain purity (k=30),0.590155081695,primary,all_spots_primary,native_10d_latent,True,False,False,False
scVI,diagonal_affine,1.5,extrapolation,centroid_distance,Centroid distance,0.921840975829,primary,all_spots_primary,native_10d_latent,True,False,False,False
scVI,diagonal_affine,1.5,extrapolation,covariance_distance,Covariance distance,0.0938276061423,primary,all_spots_primary,native_10d_latent,True,False,False,False
scVI,diagonal_affine,1.5,extrapolation,mmd2_rbf_biased,Biased RBF MMD²,0.0365900850702,primary,all_spots_primary,native_10d_latent,True,False,False,False
scVI,diagonal_affine,1.5,extrapolation,paired_expression_correlation,Paired expression correlation,0.980835838821,primary,all_spots_primary,native_10d_latent,True,False,False,False
scVI,shift_only,0.25,interpolation,batch_asw,Batch ASW,0.00517501246511,primary,all_spots_primary,native_10d_latent,True,False,False,False
scVI,shift_only,0.25,interpolation,batch_mixing_entropy_k30,Batch mixing entropy (k=30),0.929769681763,primary,all_spots_primary,native_10d_latent,True,False,False,False
scVI,shift_only,0.25,interpolation,paired_retrieval_top1,Paired retrieval top-1,0.806147881473,primary,all_spots_primary,native_10d_latent,True,False,False,False
scVI,shift_only,0.25,interpolation,paired_retrieval_median_rank,Paired retrieval median rank,1,primary,all_spots_primary,native_10d_latent,True,False,False,False
scVI,shift_only,0.25,interpolation,domain_asw,Domain ASW,0.0428620587118,primary,all_spots_primary,native_10d_latent,True,False,False,False
scVI,shift_only,0.25,interpolation,domain_purity_k30,Domain purity (k=30),0.614778916274,primary,all_spots_primary,native_10d_latent,True,False,False,False
scVI,shift_only,0.25,interpolation,centroid_distance,Centroid distance,0.42696948507,primary,all_spots_primary,native_10d_latent,True,False,False,False
scVI,shift_only,0.25,interpolation,covariance_distance,Covariance distance,0.082437033273,primary,all_spots_primary,native_10d_latent,True,False,False,False
scVI,shift_only,0.25,interpolation,mmd2_rbf_biased,Biased RBF MMD²,0.00857992987312,primary,all_spots_primary,native_10d_latent,True,False,False,False
scVI,shift_only,0.25,interpolation,paired_expression_correlation,Paired expression correlation,0.995446652679,primary,all_spots_primary,native_10d_latent,True,False,False,False
scVI,shift_only,0.5,interpolation,batch_asw,Batch ASW,0.0134854739723,primary,all_spots_primary,native_10d_latent,True,False,False,False
scVI,shift_only,0.5,interpolation,batch_mixing_entropy_k30,Batch mixing entropy (k=30),0.828911265226,primary,all_spots_primary,native_10d_latent,True,False,False,False
scVI,shift_only,0.5,interpolation,paired_retrieval_top1,Paired retrieval top-1,0.665189698145,primary,all_spots_primary,native_10d_latent,True,False,False,False
scVI,shift_only,0.5,interpolation,paired_retrieval_median_rank,Paired retrieval median rank,1,primary,all_spots_primary,native_10d_latent,True,False,False,False
scVI,shift_only,0.5,interpolation,domain_asw,Domain ASW,0.0449445828392,primary,all_spots_primary,native_10d_latent,True,False,False,False
scVI,shift_only,0.5,interpolation,domain_purity_k30,Domain purity (k=30),0.616745130619,primary,all_spots_primary,native_10d_latent,True,False,False,False
scVI,shift_only,0.5,interpolation,centroid_distance,Centroid distance,0.611421382471,primary,all_spots_primary,native_10d_latent,True,False,False,False
scVI,shift_only,0.5,interpolation,covariance_distance,Covariance distance,0.0915346093398,primary,all_spots_primary,native_10d_latent,True,False,False,False
scVI,shift_only,0.5,interpolation,mmd2_rbf_biased,Biased RBF MMD²,0.0156803408072,primary,all_spots_primary,native_10d_latent,True,False,False,False
scVI,shift_only,0.5,interpolation,paired_expression_correlation,Paired expression correlation,0.991704403522,primary,all_spots_primary,native_10d_latent,True,False,False,False
scVI,shift_only,0.75,interpolation,batch_asw,Batch ASW,0.0241544806829,primary,all_spots_primary,native_10d_latent,True,False,False,False
scVI,shift_only,0.75,interpolation,batch_mixing_entropy_k30,Batch mixing entropy (k=30),0.730061503275,primary,all_spots_primary,native_10d_latent,True,False,False,False
scVI,shift_only,0.75,interpolation,paired_retrieval_top1,Paired retrieval top-1,0.485738022708,primary,all_spots_primary,native_10d_latent,True,False,False,False
scVI,shift_only,0.75,interpolation,paired_retrieval_median_rank,Paired retrieval median rank,2,primary,all_spots_primary,native_10d_latent,True,False,False,False
scVI,shift_only,0.75,interpolation,domain_asw,Domain ASW,0.0465846885007,primary,all_spots_primary,native_10d_latent,True,False,False,False
scVI,shift_only,0.75,interpolation,domain_purity_k30,Domain purity (k=30),0.613588110403,primary,all_spots_primary,native_10d_latent,True,False,False,False
scVI,shift_only,0.75,interpolation,centroid_distance,Centroid distance,0.786642817291,primary,all_spots_primary,native_10d_latent,True,False,False,False
scVI,shift_only,0.75,interpolation,covariance_distance,Covariance distance,0.118477295157,primary,all_spots_primary,native_10d_latent,True,False,False,False
scVI,shift_only,0.75,interpolation,mmd2_rbf_biased,Biased RBF MMD²,0.0263165665013,primary,all_spots_primary,native_10d_latent,True,False,False,False
scVI,shift_only,0.75,interpolation,paired_expression_correlation,Paired expression correlation,0.987448289563,primary,all_spots_primary,native_10d_latent,True,False,False,False
scVI,shift_only,1,interpolation,batch_asw,Batch ASW,0.0261643686915,primary,all_spots_primary,native_10d_latent,True,False,False,False
scVI,shift_only,1,interpolation,batch_mixing_entropy_k30,Batch mixing entropy (k=30),0.717941917243,primary,all_spots_primary,native_10d_latent,True,False,False,False
scVI,shift_only,1,interpolation,paired_retrieval_top1,Paired retrieval top-1,0.357795624481,primary,all_spots_primary,native_10d_latent,True,False,False,False
scVI,shift_only,1,interpolation,paired_retrieval_median_rank,Paired retrieval median rank,4,primary,all_spots_primary,native_10d_latent,True,False,False,False
scVI,shift_only,1,interpolation,domain_asw,Domain ASW,0.0465266845012,primary,all_spots_primary,native_10d_latent,True,False,False,False
scVI,shift_only,1,interpolation,domain_purity_k30,Domain purity (k=30),0.612484999538,primary,all_spots_primary,native_10d_latent,True,False,False,False
scVI,shift_only,1,interpolation,centroid_distance,Centroid distance,0.791505962356,primary,all_spots_primary,native_10d_latent,True,False,False,False
scVI,shift_only,1,interpolation,covariance_distance,Covariance distance,0.126404843537,primary,all_spots_primary,native_10d_latent,True,False,False,False
scVI,shift_only,1,interpolation,mmd2_rbf_biased,Biased RBF MMD²,0.0288722872415,primary,all_spots_primary,native_10d_latent,True,False,False,False
scVI,shift_only,1,interpolation,paired_expression_correlation,Paired expression correlation,0.986006225289,primary,all_spots_primary,native_10d_latent,True,False,False,False
scVI,shift_only,1.25,extrapolation,batch_asw,Batch ASW,0.0351607222021,primary,all_spots_primary,native_10d_latent,True,False,False,False
scVI,shift_only,1.25,extrapolation,batch_mixing_entropy_k30,Batch mixing entropy (k=30),0.688614945506,primary,all_spots_primary,native_10d_latent,True,False,False,False
scVI,shift_only,1.25,extrapolation,paired_retrieval_top1,Paired retrieval top-1,0.218499030739,primary,all_spots_primary,native_10d_latent,True,False,False,False
scVI,shift_only,1.25,extrapolation,paired_retrieval_median_rank,Paired retrieval median rank,13,primary,all_spots_primary,native_10d_latent,True,False,False,False
scVI,shift_only,1.25,extrapolation,domain_asw,Domain ASW,0.0421079263048,primary,all_spots_primary,native_10d_latent,True,False,False,False
scVI,shift_only,1.25,extrapolation,domain_purity_k30,Domain purity (k=30),0.60175390012,primary,all_spots_primary,native_10d_latent,True,False,False,False
scVI,shift_only,1.25,extrapolation,centroid_distance,Centroid distance,1.00549595441,primary,all_spots_primary,native_10d_latent,True,False,False,False
scVI,shift_only,1.25,extrapolation,covariance_distance,Covariance distance,0.10825538895,primary,all_spots_primary,native_10d_latent,True,False,False,False
scVI,shift_only,1.25,extrapolation,mmd2_rbf_biased,Biased RBF MMD²,0.0417479633492,primary,all_spots_primary,native_10d_latent,True,False,False,False
scVI,shift_only,1.25,extrapolation,paired_expression_correlation,Paired expression correlation,0.981358985686,primary,all_spots_primary,native_10d_latent,True,False,False,False
scVI,shift_only,1.5,extrapolation,batch_asw,Batch ASW,0.04242664443,primary,all_spots_primary,native_10d_latent,True,False,False,False
scVI,shift_only,1.5,extrapolation,batch_mixing_entropy_k30,Batch mixing entropy (k=30),0.669545741793,primary,all_spots_primary,native_10d_latent,True,False,False,False
scVI,shift_only,1.5,extrapolation,paired_retrieval_top1,Paired retrieval top-1,0.213237330379,primary,all_spots_primary,native_10d_latent,True,False,False,False
scVI,shift_only,1.5,extrapolation,paired_retrieval_median_rank,Paired retrieval median rank,13,primary,all_spots_primary,native_10d_latent,True,False,False,False
scVI,shift_only,1.5,extrapolation,domain_asw,Domain ASW,0.0417050002956,primary,all_spots_primary,native_10d_latent,True,False,False,False
scVI,shift_only,1.5,extrapolation,domain_purity_k30,Domain purity (k=30),0.598569186744,primary,all_spots_primary,native_10d_latent,True,False,False,False
scVI,shift_only,1.5,extrapolation,centroid_distance,Centroid distance,1.14766443403,primary,all_spots_primary,native_10d_latent,True,False,False,False
scVI,shift_only,1.5,extrapolation,covariance_distance,Covariance distance,0.101286624453,primary,all_spots_primary,native_10d_latent,True,False,False,False
scVI,shift_only,1.5,extrapolation,mmd2_rbf_biased,Biased RBF MMD²,0.0518443770834,primary,all_spots_primary,native_10d_latent,True,False,False,False
scVI,shift_only,1.5,extrapolation,paired_expression_correlation,Paired expression correlation,0.978869216186,primary,all_spots_primary,native_10d_latent,True,False,False,False
