mode,alpha,alpha_stratum,support_variant,metric,metric_label,pca20_value,pca10_value,pca10_minus_pca20,supplementary_sensitivity_only,winner_ranking_authorized
diagonal_affine,0.25,interpolation,all_spots_primary,batch_asw,Batch ASW,0.00515015711396,0.00928028184745,0.00413012473349,True,False
diagonal_affine,0.25,interpolation,all_spots_primary,batch_mixing_entropy_k30,Batch mixing entropy (k=30),0.949688737206,0.937240273552,-0.0124484636545,True,False
diagonal_affine,0.25,interpolation,all_spots_primary,paired_retrieval_top1,Paired retrieval top-1,0.819440598172,0.642204375519,-0.177236222653,True,False
diagonal_affine,0.25,interpolation,all_spots_primary,paired_retrieval_median_rank,Paired retrieval median rank,1,1,0,True,False
diagonal_affine,0.25,interpolation,all_spots_primary,domain_asw,Domain ASW,0.0293493620169,0.0731451041398,0.0437957421229,True,False
diagonal_affine,0.25,interpolation,all_spots_primary,domain_purity_k30,Domain purity (k=30),0.677028523955,0.729793224407,0.0527647004523,True,False
diagonal_affine,0.25,interpolation,all_spots_primary,centroid_distance,Centroid distance,0.620855045031,0.591325139634,-0.0295299053974,True,False
diagonal_affine,0.25,interpolation,all_spots_primary,covariance_distance,Covariance distance,0.0420835814236,0.0669429209277,0.0248593395041,True,False
diagonal_affine,0.25,interpolation,all_spots_primary,mmd2_rbf_biased,Biased RBF MMD²,0.00742335202773,0.0134118979515,0.00598854592373,True,False
diagonal_affine,0.25,interpolation,all_spots_primary,paired_expression_correlation,Paired expression correlation,NA,NA,NA,True,False
diagonal_affine,0.5,interpolation,all_spots_primary,batch_asw,Batch ASW,0.0134347355668,0.0244577491617,0.0110230135949,True,False
diagonal_affine,0.5,interpolation,all_spots_primary,batch_mixing_entropy_k30,Batch mixing entropy (k=30),0.842041068837,0.812046740469,-0.0299943283689,True,False
diagonal_affine,0.5,interpolation,all_spots_primary,paired_retrieval_top1,Paired retrieval top-1,0.620880642481,0.345056770978,-0.275823871504,True,False
diagonal_affine,0.5,interpolation,all_spots_primary,paired_retrieval_median_rank,Paired retrieval median rank,1,5,4,True,False
diagonal_affine,0.5,interpolation,all_spots_primary,domain_asw,Domain ASW,0.0302349191472,0.0708695847522,0.0406346656049,True,False
diagonal_affine,0.5,interpolation,all_spots_primary,domain_purity_k30,Domain purity (k=30),0.675348472261,0.729820917567,0.054472445306,True,False
diagonal_affine,0.5,interpolation,all_spots_primary,centroid_distance,Centroid distance,0.977920129779,0.948736704437,-0.0291834253425,True,False
diagonal_affine,0.5,interpolation,all_spots_primary,covariance_distance,Covariance distance,0.0795240845576,0.131421288706,0.0518972041486,True,False
diagonal_affine,0.5,interpolation,all_spots_primary,mmd2_rbf_biased,Biased RBF MMD²,0.0169419710446,0.031978807324,0.0150368362794,True,False
diagonal_affine,0.5,interpolation,all_spots_primary,paired_expression_correlation,Paired expression correlation,NA,NA,NA,True,False
diagonal_affine,0.75,interpolation,all_spots_primary,batch_asw,Batch ASW,0.0215668762931,0.0393524730197,0.0177855967266,True,False
diagonal_affine,0.75,interpolation,all_spots_primary,batch_mixing_entropy_k30,Batch mixing entropy (k=30),0.719387756452,0.627664888151,-0.0917228683015,True,False
diagonal_affine,0.75,interpolation,all_spots_primary,paired_retrieval_top1,Paired retrieval top-1,0.445306009416,0.121572971476,-0.32373303794,True,False
diagonal_affine,0.75,interpolation,all_spots_primary,paired_retrieval_median_rank,Paired retrieval median rank,2,35,33,True,False
diagonal_affine,0.75,interpolation,all_spots_primary,domain_asw,Domain ASW,0.0291559869747,0.0572224949916,0.0280665080169,True,False
diagonal_affine,0.75,interpolation,all_spots_primary,domain_purity_k30,Domain purity (k=30),0.670760638789,0.709526446968,0.0387658081787,True,False
diagonal_affine,0.75,interpolation,all_spots_primary,centroid_distance,Centroid distance,1.22779536549,1.18090299136,-0.0468923741227,True,False
diagonal_affine,0.75,interpolation,all_spots_primary,covariance_distance,Covariance distance,0.114114993251,0.202609543764,0.0884945505123,True,False
diagonal_affine,0.75,interpolation,all_spots_primary,mmd2_rbf_biased,Biased RBF MMD²,0.0264148021737,0.0483491095346,0.021934307361,True,False
diagonal_affine,0.75,interpolation,all_spots_primary,paired_expression_correlation,Paired expression correlation,NA,NA,NA,True,False
diagonal_affine,1,interpolation,all_spots_primary,batch_asw,Batch ASW,0.0297390010747,0.0546691263018,0.0249301252271,True,False
diagonal_affine,1,interpolation,all_spots_primary,batch_mixing_entropy_k30,Batch mixing entropy (k=30),0.582443338296,0.449594383415,-0.132848954881,True,False
diagonal_affine,1,interpolation,all_spots_primary,paired_retrieval_top1,Paired retrieval top-1,0.304347826087,0.0512323456106,-0.253115480476,True,False
diagonal_affine,1,interpolation,all_spots_primary,paired_retrieval_median_rank,Paired retrieval median rank,8,84,76,True,False
diagonal_affine,1,interpolation,all_spots_primary,domain_asw,Domain ASW,0.0264039493585,0.0535702163311,0.0271662669726,True,False
diagonal_affine,1,interpolation,all_spots_primary,domain_purity_k30,Domain purity (k=30),0.670843718268,0.707620234469,0.0367765162005,True,False
diagonal_affine,1,interpolation,all_spots_primary,centroid_distance,Centroid distance,1.43146113348,1.37429512924,-0.0571660042442,True,False
diagonal_affine,1,interpolation,all_spots_primary,covariance_distance,Covariance distance,0.136029987974,0.242780012355,0.106750024381,True,False
diagonal_affine,1,interpolation,all_spots_primary,mmd2_rbf_biased,Biased RBF MMD²,0.0351907441251,0.0658006833284,0.0306099392033,True,False
diagonal_affine,1,interpolation,all_spots_primary,paired_expression_correlation,Paired expression correlation,NA,NA,NA,True,False
diagonal_affine,1.25,extrapolation,all_spots_primary,batch_asw,Batch ASW,0.0369346961094,0.0699108525377,0.0329761564283,True,False
diagonal_affine,1.25,extrapolation,all_spots_primary,batch_mixing_entropy_k30,Batch mixing entropy (k=30),0.467551094943,0.310735507051,-0.156815587892,True,False
diagonal_affine,1.25,extrapolation,all_spots_primary,paired_retrieval_top1,Paired retrieval top-1,0.202713929659,0.0224314594295,-0.18028247023,True,False
diagonal_affine,1.25,extrapolation,all_spots_primary,paired_retrieval_median_rank,Paired retrieval median rank,24,154,130,True,False
diagonal_affine,1.25,extrapolation,all_spots_primary,domain_asw,Domain ASW,0.0267631794631,0.0450743322633,0.0183111528002,True,False
diagonal_affine,1.25,extrapolation,all_spots_primary,domain_purity_k30,Domain purity (k=30),0.66715591249,0.693607495615,0.0264515831256,True,False
diagonal_affine,1.25,extrapolation,all_spots_primary,centroid_distance,Centroid distance,1.57796129887,1.53905575122,-0.0389055476552,True,False
diagonal_affine,1.25,extrapolation,all_spots_primary,covariance_distance,Covariance distance,0.153667088397,0.266987705639,0.113320617242,True,False
diagonal_affine,1.25,extrapolation,all_spots_primary,mmd2_rbf_biased,Biased RBF MMD²,0.0440803233782,0.0845338449163,0.0404535215381,True,False
diagonal_affine,1.25,extrapolation,all_spots_primary,paired_expression_correlation,Paired expression correlation,NA,NA,NA,True,False
diagonal_affine,1.25,extrapolation,paired_zero_panel_spots_excluded_sensitivity,batch_asw,Batch ASW,0.0369319891613,0.0699124538944,0.0329804647331,True,False
diagonal_affine,1.25,extrapolation,paired_zero_panel_spots_excluded_sensitivity,batch_mixing_entropy_k30,Batch mixing entropy (k=30),0.468065778629,0.310460943898,-0.15760483473,True,False
diagonal_affine,1.25,extrapolation,paired_zero_panel_spots_excluded_sensitivity,paired_retrieval_top1,Paired retrieval top-1,0.203047091413,0.0224376731302,-0.180609418283,True,False
diagonal_affine,1.25,extrapolation,paired_zero_panel_spots_excluded_sensitivity,paired_retrieval_median_rank,Paired retrieval median rank,24,154,130,True,False
diagonal_affine,1.25,extrapolation,paired_zero_panel_spots_excluded_sensitivity,domain_asw,Domain ASW,0.0268047324277,0.045020127046,0.0182153946182,True,False
diagonal_affine,1.25,extrapolation,paired_zero_panel_spots_excluded_sensitivity,domain_purity_k30,Domain purity (k=30),0.666929824561,0.693647276085,0.0267174515235,True,False
diagonal_affine,1.25,extrapolation,paired_zero_panel_spots_excluded_sensitivity,centroid_distance,Centroid distance,1.57794385889,1.53904941798,-0.0388944409092,True,False
diagonal_affine,1.25,extrapolation,paired_zero_panel_spots_excluded_sensitivity,covariance_distance,Covariance distance,0.153648658748,0.267039157752,0.113390499004,True,False
diagonal_affine,1.25,extrapolation,paired_zero_panel_spots_excluded_sensitivity,mmd2_rbf_biased,Biased RBF MMD²,0.0438133181365,0.083983842132,0.0401705239955,True,False
diagonal_affine,1.25,extrapolation,paired_zero_panel_spots_excluded_sensitivity,paired_expression_correlation,Paired expression correlation,NA,NA,NA,True,False
diagonal_affine,1.5,extrapolation,all_spots_primary,batch_asw,Batch ASW,0.043178917777,0.0819426396311,0.0387637218541,True,False
diagonal_affine,1.5,extrapolation,all_spots_primary,batch_mixing_entropy_k30,Batch mixing entropy (k=30),0.383009127344,0.219489948833,-0.163519178512,True,False
diagonal_affine,1.5,extrapolation,all_spots_primary,paired_retrieval_top1,Paired retrieval top-1,0.126003877042,0.0171697590695,-0.108834117973,True,False
diagonal_affine,1.5,extrapolation,all_spots_primary,paired_retrieval_median_rank,Paired retrieval median rank,51,226,175,True,False
diagonal_affine,1.5,extrapolation,all_spots_primary,domain_asw,Domain ASW,0.0280468565842,0.0452727394555,0.0172258828713,True,False
diagonal_affine,1.5,extrapolation,all_spots_primary,domain_purity_k30,Domain purity (k=30),0.668369795994,0.694447521462,0.0260777254685,True,False
diagonal_affine,1.5,extrapolation,all_spots_primary,centroid_distance,Centroid distance,1.68139102734,1.65376482791,-0.0276261994313,True,False
diagonal_affine,1.5,extrapolation,all_spots_primary,covariance_distance,Covariance distance,0.166753149052,0.283453650061,0.116700501009,True,False
diagonal_affine,1.5,extrapolation,all_spots_primary,mmd2_rbf_biased,Biased RBF MMD²,0.050871199132,0.0982836414883,0.0474124423563,True,False
diagonal_affine,1.5,extrapolation,all_spots_primary,paired_expression_correlation,Paired expression correlation,NA,NA,NA,True,False
diagonal_affine,1.5,extrapolation,paired_zero_panel_spots_excluded_sensitivity,batch_asw,Batch ASW,0.0432527215217,0.0820393876997,0.0387866661781,True,False
diagonal_affine,1.5,extrapolation,paired_zero_panel_spots_excluded_sensitivity,batch_mixing_entropy_k30,Batch mixing entropy (k=30),0.381782930137,0.219347546518,-0.16243538362,True,False
diagonal_affine,1.5,extrapolation,paired_zero_panel_spots_excluded_sensitivity,paired_retrieval_top1,Paired retrieval top-1,0.129711751663,0.0182926829268,-0.111419068736,True,False
diagonal_affine,1.5,extrapolation,paired_zero_panel_spots_excluded_sensitivity,paired_retrieval_median_rank,Paired retrieval median rank,49.5,228,178.5,True,False
diagonal_affine,1.5,extrapolation,paired_zero_panel_spots_excluded_sensitivity,domain_asw,Domain ASW,0.028006088199,0.0453816727265,0.0173755845275,True,False
diagonal_affine,1.5,extrapolation,paired_zero_panel_spots_excluded_sensitivity,domain_purity_k30,Domain purity (k=30),0.668685328899,0.694535291944,0.0258499630451,True,False
diagonal_affine,1.5,extrapolation,paired_zero_panel_spots_excluded_sensitivity,centroid_distance,Centroid distance,1.68266828289,1.65480214846,-0.0278661344384,True,False
diagonal_affine,1.5,extrapolation,paired_zero_panel_spots_excluded_sensitivity,covariance_distance,Covariance distance,0.166556161089,0.283115736121,0.116559575032,True,False
diagonal_affine,1.5,extrapolation,paired_zero_panel_spots_excluded_sensitivity,mmd2_rbf_biased,Biased RBF MMD²,0.0496511175738,0.0962717098149,0.0466205922411,True,False
diagonal_affine,1.5,extrapolation,paired_zero_panel_spots_excluded_sensitivity,paired_expression_correlation,Paired expression correlation,NA,NA,NA,True,False
shift_only,0.25,interpolation,all_spots_primary,batch_asw,Batch ASW,0.00701495444807,0.0126896090129,0.00567465456485,True,False
shift_only,0.25,interpolation,all_spots_primary,batch_mixing_entropy_k30,Batch mixing entropy (k=30),0.935206063641,0.917222352993,-0.0179837106478,True,False
shift_only,0.25,interpolation,all_spots_primary,paired_retrieval_top1,Paired retrieval top-1,0.778731653282,0.587925782332,-0.19080587095,True,False
shift_only,0.25,interpolation,all_spots_primary,paired_retrieval_median_rank,Paired retrieval median rank,1,1,0,True,False
shift_only,0.25,interpolation,all_spots_primary,domain_asw,Domain ASW,0.0297910127973,0.0735109135784,0.0437199007811,True,False
shift_only,0.25,interpolation,all_spots_primary,domain_purity_k30,Domain purity (k=30),0.67550078464,0.729728607034,0.0542278223945,True,False
shift_only,0.25,interpolation,all_spots_primary,centroid_distance,Centroid distance,0.715929581756,0.691392509601,-0.0245370721555,True,False
shift_only,0.25,interpolation,all_spots_primary,covariance_distance,Covariance distance,0.0468262674913,0.0739335610954,0.0271072936041,True,False
shift_only,0.25,interpolation,all_spots_primary,mmd2_rbf_biased,Biased RBF MMD²,0.0100204646039,0.0183683248559,0.00834786025203,True,False
shift_only,0.25,interpolation,all_spots_primary,paired_expression_correlation,Paired expression correlation,NA,NA,NA,True,False
shift_only,0.5,interpolation,all_spots_primary,batch_asw,Batch ASW,0.0168871608994,0.031058186257,0.0141710253576,True,False
shift_only,0.5,interpolation,all_spots_primary,batch_mixing_entropy_k30,Batch mixing entropy (k=30),0.813686976599,0.771123669059,-0.0425633075404,True,False
shift_only,0.5,interpolation,all_spots_primary,paired_retrieval_top1,Paired retrieval top-1,0.579063971199,0.311271116034,-0.267792855165,True,False
shift_only,0.5,interpolation,all_spots_primary,paired_retrieval_median_rank,Paired retrieval median rank,1,8,7,True,False
shift_only,0.5,interpolation,all_spots_primary,domain_asw,Domain ASW,0.0293782259928,0.0685393940817,0.0391611680889,True,False
shift_only,0.5,interpolation,all_spots_primary,domain_purity_k30,Domain purity (k=30),0.675168466722,0.725990030462,0.0508215637404,True,False
shift_only,0.5,interpolation,all_spots_primary,centroid_distance,Centroid distance,1.08381349903,1.07118204737,-0.0126314516626,True,False
shift_only,0.5,interpolation,all_spots_primary,covariance_distance,Covariance distance,0.0874935097452,0.148010075877,0.060516566132,True,False
shift_only,0.5,interpolation,all_spots_primary,mmd2_rbf_biased,Biased RBF MMD²,0.0213540305721,0.0401907490159,0.0188367184438,True,False
shift_only,0.5,interpolation,all_spots_primary,paired_expression_correlation,Paired expression correlation,NA,NA,NA,True,False
shift_only,0.75,interpolation,all_spots_primary,batch_asw,Batch ASW,0.0254712499223,0.0463128405774,0.0208415906552,True,False
shift_only,0.75,interpolation,all_spots_primary,batch_mixing_entropy_k30,Batch mixing entropy (k=30),0.681430980152,0.605587696184,-0.0758432839677,True,False
shift_only,0.75,interpolation,all_spots_primary,paired_retrieval_top1,Paired retrieval top-1,0.384657989477,0.117418997508,-0.267238991969,True,False
shift_only,0.75,interpolation,all_spots_primary,paired_retrieval_median_rank,Paired retrieval median rank,4,42,38,True,False
shift_only,0.75,interpolation,all_spots_primary,domain_asw,Domain ASW,0.0292843610283,0.0578045881615,0.0285202271332,True,False
shift_only,0.75,interpolation,all_spots_primary,domain_purity_k30,Domain purity (k=30),0.667354380135,0.712360380319,0.0450060001846,True,False
shift_only,0.75,interpolation,all_spots_primary,centroid_distance,Centroid distance,1.31894636665,1.29544800465,-0.0234983619992,True,False
shift_only,0.75,interpolation,all_spots_primary,covariance_distance,Covariance distance,0.122009109228,0.2082844127,0.0862753034715,True,False
shift_only,0.75,interpolation,all_spots_primary,mmd2_rbf_biased,Biased RBF MMD²,0.0310835172168,0.0579548249642,0.0268713077474,True,False
shift_only,0.75,interpolation,all_spots_primary,paired_expression_correlation,Paired expression correlation,NA,NA,NA,True,False
shift_only,1,interpolation,all_spots_primary,batch_asw,Batch ASW,0.0332886597613,0.0603169098341,0.0270282500728,True,False
shift_only,1,interpolation,all_spots_primary,batch_mixing_entropy_k30,Batch mixing entropy (k=30),0.548461037353,0.42389421549,-0.124566821863,True,False
shift_only,1,interpolation,all_spots_primary,paired_retrieval_top1,Paired retrieval top-1,0.232068679036,0.039601218499,-0.192467460537,True,False
shift_only,1,interpolation,all_spots_primary,paired_retrieval_median_rank,Paired retrieval median rank,18,109,91,True,False
shift_only,1,interpolation,all_spots_primary,domain_asw,Domain ASW,0.0262818032794,0.0507900408506,0.0245082375712,True,False
shift_only,1,interpolation,all_spots_primary,domain_purity_k30,Domain purity (k=30),0.663066555894,0.701855441706,0.0387888858119,True,False
shift_only,1,interpolation,all_spots_primary,centroid_distance,Centroid distance,1.49269063125,1.44891421499,-0.0437764162627,True,False
shift_only,1,interpolation,all_spots_primary,covariance_distance,Covariance distance,0.14828384622,0.261453582267,0.113169736047,True,False
shift_only,1,interpolation,all_spots_primary,mmd2_rbf_biased,Biased RBF MMD²,0.0396479589651,0.0731390606437,0.0334911016786,True,False
shift_only,1,interpolation,all_spots_primary,paired_expression_correlation,Paired expression correlation,NA,NA,NA,True,False
shift_only,1.25,extrapolation,all_spots_primary,batch_asw,Batch ASW,0.0415397377761,0.0776791846131,0.036139446837,True,False
shift_only,1.25,extrapolation,all_spots_primary,batch_mixing_entropy_k30,Batch mixing entropy (k=30),0.437659043859,0.250346354539,-0.187312689319,True,False
shift_only,1.25,extrapolation,all_spots_primary,paired_retrieval_top1,Paired retrieval top-1,0.140404320133,0.0171697590695,-0.123234561063,True,False
shift_only,1.25,extrapolation,all_spots_primary,paired_retrieval_median_rank,Paired retrieval median rank,43,192,149,True,False
shift_only,1.25,extrapolation,all_spots_primary,domain_asw,Domain ASW,0.0282969968569,0.041631146009,0.013334149152,True,False
shift_only,1.25,extrapolation,all_spots_primary,domain_purity_k30,Domain purity (k=30),0.659692605926,0.688738115019,0.0290455090926,True,False
shift_only,1.25,extrapolation,all_spots_primary,centroid_distance,Centroid distance,1.64197711829,1.61769200799,-0.0242851103018,True,False
shift_only,1.25,extrapolation,all_spots_primary,covariance_distance,Covariance distance,0.16764319783,0.292215076046,0.124571878215,True,False
shift_only,1.25,extrapolation,all_spots_primary,mmd2_rbf_biased,Biased RBF MMD²,0.0494321976476,0.093871241551,0.0444390439034,True,False
shift_only,1.25,extrapolation,all_spots_primary,paired_expression_correlation,Paired expression correlation,NA,NA,NA,True,False
shift_only,1.5,extrapolation,all_spots_primary,batch_asw,Batch ASW,0.049222716944,0.0891399198987,0.0399172029547,True,False
shift_only,1.5,extrapolation,all_spots_primary,batch_mixing_entropy_k30,Batch mixing entropy (k=30),0.358165458007,0.173360707025,-0.184804750982,True,False
shift_only,1.5,extrapolation,all_spots_primary,paired_retrieval_top1,Paired retrieval top-1,0.0706175574633,0.00775408474107,-0.0628634727222,True,False
shift_only,1.5,extrapolation,all_spots_primary,paired_retrieval_median_rank,Paired retrieval median rank,87,281,194,True,False
shift_only,1.5,extrapolation,all_spots_primary,domain_asw,Domain ASW,0.0270064858096,0.0409158012449,0.0139093154353,True,False
shift_only,1.5,extrapolation,all_spots_primary,domain_purity_k30,Domain purity (k=30),0.666652820087,0.69212129604,0.0254684759531,True,False
shift_only,1.5,extrapolation,all_spots_primary,centroid_distance,Centroid distance,1.73462954824,1.7186146627,-0.0160148855383,True,False
shift_only,1.5,extrapolation,all_spots_primary,covariance_distance,Covariance distance,0.188724742403,0.312551809161,0.123827066759,True,False
shift_only,1.5,extrapolation,all_spots_primary,mmd2_rbf_biased,Biased RBF MMD²,0.0583763615712,0.107699492112,0.0493231305409,True,False
shift_only,1.5,extrapolation,all_spots_primary,paired_expression_correlation,Paired expression correlation,NA,NA,NA,True,False
shift_only,1.5,extrapolation,paired_zero_panel_spots_excluded_sensitivity,batch_asw,Batch ASW,0.0492639771854,0.0891662709144,0.039902293729,True,False
shift_only,1.5,extrapolation,paired_zero_panel_spots_excluded_sensitivity,batch_mixing_entropy_k30,Batch mixing entropy (k=30),0.357917471561,0.173287219709,-0.184630251852,True,False
shift_only,1.5,extrapolation,paired_zero_panel_spots_excluded_sensitivity,paired_retrieval_top1,Paired retrieval top-1,0.0717650318648,0.00858963701856,-0.0631753948462,True,False
shift_only,1.5,extrapolation,paired_zero_panel_spots_excluded_sensitivity,paired_retrieval_median_rank,Paired retrieval median rank,88,283,195,True,False
shift_only,1.5,extrapolation,paired_zero_panel_spots_excluded_sensitivity,domain_asw,Domain ASW,0.0270276389674,0.040868543901,0.0138409049336,True,False
shift_only,1.5,extrapolation,paired_zero_panel_spots_excluded_sensitivity,domain_purity_k30,Domain purity (k=30),0.666329546504,0.692033804378,0.0257042578738,True,False
shift_only,1.5,extrapolation,paired_zero_panel_spots_excluded_sensitivity,centroid_distance,Centroid distance,1.73527114578,1.71893862668,-0.016332519097,True,False
shift_only,1.5,extrapolation,paired_zero_panel_spots_excluded_sensitivity,covariance_distance,Covariance distance,0.188686861046,0.312265523107,0.123578662062,True,False
shift_only,1.5,extrapolation,paired_zero_panel_spots_excluded_sensitivity,mmd2_rbf_biased,Biased RBF MMD²,0.0572906212142,0.105814463334,0.0485238421195,True,False
shift_only,1.5,extrapolation,paired_zero_panel_spots_excluded_sensitivity,paired_expression_correlation,Paired expression correlation,NA,NA,NA,True,False
