configuration_id,density_name,gap,target_index,target_slice,target_z,seed,n_obs,n_genes,mean_per_gene_spot_pearson,median_per_gene_spot_pearson,gene_mean_pearson,log1p_gene_mean_pearson,gene_variance_pearson,gene_zero_fraction_pearson,library_size_pearson,relative_error_gene_mean,zero_pattern_jaccard,donor_supported
study06-allen-abca1-conditional-stack-v5,dense_gap3,3,0,5,0.1,32026,12097,1122,0.1218244653479548,0.0585430660893364,0.9933518876470449,0.995211093305927,0.9785820141196836,0.99604171335804,0.1032813208078474,0.110795225027843,0.8582908728161732,True
study06-allen-abca1-conditional-stack-v5,dense_gap3,3,1,8,0.4,32027,14975,1122,0.1092877511132777,0.0480393914563527,0.9764808222218092,0.9730456759495942,0.9700451176911142,0.9695861686031938,0.1358573917263757,0.4704753416482265,0.862532534615596,True
study06-allen-abca1-conditional-stack-v5,dense_gap3,3,2,11,0.6198209509757062,32028,7644,1122,0.1260424843636208,0.068491925148806,0.9852601582138144,0.9847462858717094,0.9560823748993882,0.9867563962700876,0.1694014787175891,0.4249558043817923,0.8686834043133881,True
study06-allen-abca1-conditional-stack-v5,dense_gap3,3,3,14,0.8315371239389605,32029,11137,1122,0.1297581023804221,0.0708116865764652,0.9959176445095403,0.996226505797692,0.9920907904443608,0.995895909190762,0.1330208107306847,0.1172267547864952,0.8559202584768605,True
study06-allen-abca1-conditional-stack-v5,dense_gap3,3,4,17,1.048082473034429,32030,8524,1122,0.1097911357032465,0.0544114661589104,0.9726897536605226,0.9762098708759178,0.9497680722871152,0.9805335130061412,0.1496272732851185,0.5584655428451357,0.8789025341755646,True
study06-allen-abca1-conditional-stack-v5,dense_gap3,3,5,20,1.267426870587095,32031,11869,1122,0.1174204083537979,0.0658878384980529,0.9854591187688122,0.984145808883268,0.976696525915512,0.984360591336333,0.115457278436696,0.369278741978355,0.8615627705844061,False
study06-allen-abca1-conditional-stack-v5,dense_gap3,3,6,23,1.5048299989751572,32032,8844,1122,0.1192732407424306,0.0669421540764608,0.9939998542775828,0.9933893365346672,0.9909973461141084,0.99338329535471,0.1474997084949096,0.3348930697192215,0.8639889963349073,True
study06-allen-abca1-conditional-stack-v5,dense_gap3,3,7,26,1.970855827266864,32033,9135,1122,0.1567124818330049,0.1146126060240255,0.9951313934156728,0.9955515869498934,0.9862305428222228,0.9959626277904682,0.2549960879968641,0.1346261597547489,0.8683816403036495,True
study06-allen-abca1-conditional-stack-v5,dense_gap3,3,8,29,2.13729412231904,32034,8129,1122,0.1844320710633769,0.1464775804083555,0.9667377831696916,0.96146504090677,0.97177426183683,0.9644477371502248,0.4205391210026937,1.3469739090378392,0.8569515494750589,False
study06-allen-abca1-conditional-stack-v5,dense_gap3,3,9,32,2.348386946229994,32035,9731,1122,0.1748259037796388,0.1234728775556659,0.9834408160265654,0.9880502067397814,0.9587533923824684,0.9905319219651706,0.3919556685487266,0.1796068958167016,0.8571904983488572,False
study06-allen-abca1-conditional-stack-v5,dense_gap3,3,10,35,2.6581191686244674,32036,10401,1122,0.1845752153587132,0.1449372797557201,0.9883335059217804,0.9911127166526924,0.974788307587492,0.9930640107710468,0.4705593900852148,0.1431273800396626,0.8463220902609382,True
study06-allen-abca1-conditional-stack-v5,dense_gap3,3,11,38,2.9657694261931926,32037,11621,1122,0.1583132419239894,0.1036085645274364,0.945788334440499,0.951570993832314,0.92686033400191,0.9543477984876042,0.425757162720389,0.544260572375296,0.8501722813707503,True
study06-allen-abca1-conditional-stack-v5,dense_gap3,3,12,41,3.294805636610366,32038,12473,1122,0.1749994938939504,0.1308511054411648,0.957913701820614,0.966631373751973,0.9323601522504902,0.9681023099951144,0.4252131205600165,0.5675486616132148,0.8492539593309909,True
study06-allen-abca1-conditional-stack-v5,dense_gap3,3,13,44,3.59143993666362,32039,17587,1122,0.156972789935936,0.105568894187237,0.9699916057500882,0.973446275230932,0.955625556164738,0.9752257176350374,0.3505398056091443,0.3206309570691675,0.8805431575412412,False
study06-allen-abca1-conditional-stack-v5,dense_gap3,3,14,47,3.882708780757101,32040,20888,1122,0.1900443990745033,0.1476354060038552,0.9755794373521592,0.9818665643846424,0.9811279851046544,0.986417079145433,0.3510551956408255,0.1801383725223723,0.8586000080899089,False
study06-allen-abca1-conditional-stack-v5,dense_gap3,3,15,50,4.177422050348054,32041,24075,1122,0.1798891479111319,0.141191494337522,0.9879929657813596,0.9869051892185268,0.973511298504721,0.9867232996354224,0.3308793845384117,0.3901113727445784,0.8524393417599204,True
study06-allen-abca1-conditional-stack-v5,dense_gap3,3,16,53,4.479026015191546,32042,24776,1122,0.1777489144915152,0.1381192005197112,0.9816975964740274,0.9830531736010852,0.9847444982235368,0.9842298702916528,0.3392255692610083,0.2753845967823603,0.8711770311703675,True
study06-allen-abca1-conditional-stack-v5,dense_gap3,3,17,56,4.791846418988289,32043,22963,1122,0.1618218644047545,0.1237225047794225,0.9862966828115302,0.984381591502851,0.9851986150045448,0.9850699966602672,0.286362527305336,0.3164829454004289,0.8644712997901487,True
study06-allen-abca1-conditional-stack-v5,dense_gap3,3,18,59,5.113621212334258,32044,23905,1122,0.1873694962956276,0.1543702026887158,0.9640956390059396,0.9718690339356828,0.9782371540891572,0.9724847169222788,0.3383015423500863,0.6430884405481175,0.8649827966424026,True
study06-allen-abca1-conditional-stack-v5,dense_gap3,3,19,62,5.383801203001265,32045,28827,1122,0.1878818505771683,0.1466733018582955,0.9470452565028415,0.9581593470064768,0.9294830413398,0.965106662291635,0.3363356620025223,0.3095584742944835,0.8646744203542209,True
study06-allen-abca1-conditional-stack-v5,dense_gap3,3,20,65,5.6477504745482365,32046,19805,1122,0.134136626092128,0.0896491504404104,0.9211341928471212,0.9025986791475594,0.9283239230499868,0.8963128167703474,0.2691433045283788,2.773125718681831,0.893740578167035,False
study06-allen-abca1-conditional-stack-v5,dense_gap3,3,21,68,5.929325985384948,32047,28530,1122,0.1834737536635161,0.1452893662785029,0.9902219991593888,0.9907399886331206,0.9928558077900984,0.9913110785495942,0.3480242010012748,0.1702213965028593,0.8773118700444087,True
study06-allen-abca1-conditional-stack-v5,dense_gap3,3,22,71,6.104251618282508,32048,26292,1122,0.1519801554956596,0.1015329971762349,0.855021151335378,0.8704377787456908,0.8428926042886518,0.894939499202011,0.3614745516540192,1.3713066930458568,0.891591425305754,True
study06-allen-abca1-conditional-stack-v5,dense_gap3,3,23,74,6.272687784632539,32049,27487,1122,0.1464627271225944,0.0970716056808289,0.8016150261261884,0.8345167280576614,0.773698481186667,0.8671608088489617,0.3802861222799107,0.5005122833912954,0.8938589440582919,False
study06-allen-abca1-conditional-stack-v5,dense_gap3,3,24,77,6.496263394726392,32050,30864,1122,0.2050493249937881,0.1702557784581834,0.960827002977516,0.9666601307945344,0.9676428891262616,0.9666474616046542,0.4024398317310666,0.6675888311751254,0.8701319755337115,True
study06-allen-abca1-conditional-stack-v5,dense_gap3,3,25,80,6.757410850582466,32051,37068,1122,0.1986014467472513,0.1611303928606305,0.9799066937202864,0.9808978043707742,0.9263331644427154,0.9830326568938984,0.3625776771375847,0.3641557055240859,0.8691769698715952,False
study06-allen-abca1-conditional-stack-v5,dense_gap3,3,26,83,7.123150291571466,32052,30500,1122,0.1767721173515553,0.1271943342177024,0.8527061140191696,0.8650204501805975,0.8275839255659329,0.8963245973569591,0.4244542440524298,0.7610924708829684,0.9035339831752438,False
study06-allen-abca1-conditional-stack-v5,dense_gap3,3,27,86,7.463723138174608,32053,30109,1122,0.1713667236613891,0.1320562934254154,0.8940747373713726,0.907335086288639,0.8924123243219775,0.9277449854594614,0.3694478825850995,0.5963428217129177,0.8826985054460446,True
study06-allen-abca1-conditional-stack-v5,dense_gap3,3,28,89,7.829530186905023,32054,28552,1122,0.1985444252606905,0.1659255536258755,0.9639542353744648,0.9680461694604062,0.94459838050976,0.9739242587860952,0.395072958161353,0.8551157788098213,0.8650087012256777,True
study06-allen-abca1-conditional-stack-v5,dense_gap3,3,29,92,8.10849157920948,32055,30741,1122,0.1910355121114549,0.1584242845410683,0.9771588322505056,0.9852230398709866,0.9503792639474324,0.9872372926618412,0.3826195381620203,0.229876812372852,0.8801499726619216,False
study06-allen-abca1-conditional-stack-v5,dense_gap3,3,30,95,8.363945304623604,32056,24466,1122,0.1818799219847334,0.1421904566431894,0.971373159888794,0.9661306157342056,0.9738089117218648,0.959251971387153,0.3605552024762108,1.0965925038456568,0.8818161740783927,True
study06-allen-abca1-conditional-stack-v5,dense_gap3,3,31,98,8.62772561536686,32057,26705,1122,0.1761582235230666,0.1320177572697602,0.95256804918623,0.9525903723314584,0.9281398116406328,0.9644471214595784,0.3518571347137558,0.6091422372369234,0.8858320444020991,False
study06-allen-abca1-conditional-stack-v5,dense_gap3,3,32,101,8.854363135565341,32058,25528,1122,0.1691758806061089,0.1291302259210628,0.968162145650527,0.9724041317419436,0.9451143476826706,0.9766299572772176,0.3782064109360741,0.8822322892551089,0.8887263469417844,True
study06-allen-abca1-conditional-stack-v5,dense_gap3,3,33,104,9.105147497678178,32059,30012,1122,0.1853356999597959,0.1443509578518055,0.9775772377335332,0.9750645135183262,0.961411863362406,0.975749924467346,0.3820349793907097,0.4493845584868201,0.8625291352909225,False
study06-allen-abca1-conditional-stack-v5,dense_gap3,3,34,107,9.42359190346709,32060,25450,1122,0.1873459383690886,0.1417907112324285,0.9551373960867569,0.9507081563282306,0.9658713642521686,0.952135171309594,0.3878351519359753,0.4144123004590381,0.8732000335070601,True
study06-allen-abca1-conditional-stack-v5,dense_gap3,3,35,110,9.717768925111692,32061,26202,1122,0.1706977090882835,0.125167057262018,0.9509780067607732,0.9562813120392176,0.8997589302563521,0.9609829691185512,0.392937601707351,0.4590197814441727,0.8749870904327751,False
study06-allen-abca1-conditional-stack-v5,dense_gap3,3,36,113,10.049057905517174,32062,20407,1122,0.1604645530774031,0.1163140884196688,0.9759038470656372,0.9764833254405892,0.9512300932614816,0.9808049563611476,0.3769307736788566,0.5110658075858864,0.8855006294051675,True
study06-allen-abca1-conditional-stack-v5,dense_gap3,3,37,116,10.354266571312971,32063,19003,1122,0.1402736439110619,0.0965701859425424,0.9588476015311246,0.9623528343733372,0.9341770776544104,0.9666048619127688,0.3025806719486092,0.3237864213294565,0.8917739099245701,True
study06-allen-abca1-conditional-stack-v5,dense_gap3,3,38,119,10.566925187964772,32064,24225,1122,0.1400095065219633,0.0904059643772303,0.9408109493641148,0.9550896397716212,0.8476293286188741,0.9668935060576492,0.372487199570586,0.5858541097608151,0.907425756752418,True
study06-allen-abca1-conditional-stack-v5,dense_gap3,3,39,122,10.770815386865484,32065,25396,1122,0.1485795625543375,0.1025884116429669,0.95272932992493,0.966232625880219,0.921225262478618,0.9711669420659496,0.3395755097494728,0.4431732817368828,0.9008012654246952,False
study06-allen-abca1-conditional-stack-v5,dense_gap3,3,40,125,10.975185238505748,32066,20340,1122,0.1333621770026476,0.0800009816701475,0.9486403191588656,0.9551855939128004,0.9155540581447876,0.9572295646433387,0.2404281273998755,0.4101265268790776,0.894806319968018,True
study06-allen-abca1-conditional-stack-v5,dense_gap3,3,41,128,11.240226239367429,32067,17454,1122,0.1254872311368827,0.0698615191248108,0.9532178662241816,0.953183951020095,0.9517844288252836,0.963283654781882,0.2396632107936834,0.3301787085630543,0.9082266168239428,False
study06-allen-abca1-conditional-stack-v5,dense_gap3,3,42,131,11.533454649051524,32068,16997,1122,0.1212720235145575,0.0702827851718371,0.934999718382258,0.9347574363172764,0.9106508929841008,0.9439341331936302,0.3121696688329688,1.7020948002496303,0.9127160842716022,False
study06-allen-abca1-conditional-stack-v5,dense_gap3,3,43,134,11.869766509587777,32069,19755,1122,0.1477502766366673,0.0984404167602645,0.961077305395398,0.9687425221546137,0.9598883029985176,0.9736278680955376,0.3780633074162922,0.5085052573318994,0.9107109395356744,True
study06-allen-abca1-conditional-stack-v5,dense_gap3,3,44,137,12.13559388245098,32070,16216,1122,0.1451535587776161,0.0932135091533568,0.985682602594696,0.9901533073523612,0.9731904285010928,0.9928750606635052,0.354746790640148,0.2721625217275615,0.9058766814803456,True
study06-allen-abca1-conditional-stack-v5,dense_gap3,3,45,140,12.3836549780217,32071,11770,1122,0.1100418442418165,0.0623538782795509,0.9758147672913444,0.9789272480771262,0.9419113391960532,0.9825012761469694,0.3261105456741117,0.2330674823172535,0.9096551743346516,True
study06-allen-abca1-conditional-stack-v5,dense_gap3,3,46,143,12.757739820419143,32072,12372,1122,0.108864574886951,0.0623435427009101,0.9500475119125344,0.949669514580566,0.9134201659178524,0.958666204672864,0.4037697592419172,0.4497950680074917,0.9111155331275846,False
study06-allen-abca1-conditional-stack-v5,dense_gap3,3,47,146,13.057739820419144,32073,14027,1122,0.1049236984210152,0.0619144860572448,0.9756759904091156,0.9813195928439524,0.9131690799334864,0.9816344334340346,0.3604880115520401,0.276032326461045,0.9014128877536282,True
study06-allen-abca1-conditional-stack-v5,dense_gap3,3,48,149,13.357739820419145,32074,8829,1122,0.0825690412787864,0.0443398909139111,0.9626817838873064,0.9684360306462224,0.8602320512266116,0.9639534371654768,0.3115527395022568,1.2268917406053756,0.912088885194916,True
study06-allen-abca1-conditional-stack-v5,medium_gap5,5,0,6,0.2,52026,10442,1122,0.1276167521262639,0.071007268419363,0.9910826502428158,0.9921522931961756,0.9874910410123144,0.9920954949439804,0.1189596854987663,0.3171307080922284,0.8583312556667185,False
study06-allen-abca1-conditional-stack-v5,medium_gap5,5,1,11,0.6198209509757062,52027,7644,1122,0.1063932713545506,0.0558835191287914,0.9848333730838784,0.987249500641828,0.9844173522717604,0.9875282975696198,0.0984865684851995,0.1790940836599939,0.8783643229518954,True
study06-allen-abca1-conditional-stack-v5,medium_gap5,5,2,16,0.9752523511274424,52028,9580,1122,0.1207875710920157,0.0647035417356789,0.9586391572915104,0.9655646860219614,0.9308897218901016,0.975989615728582,0.1188951948333405,0.7056783381814145,0.8668680868773292,False
study06-allen-abca1-conditional-stack-v5,medium_gap5,5,3,21,1.3389267592772198,52029,11309,1122,0.1123557324476696,0.0571268014358906,0.979506235780538,0.9832057859680642,0.9826088399980472,0.9830315874311488,0.1289711010814837,0.2641108784668333,0.8735292074273353,True
study06-allen-abca1-conditional-stack-v5,medium_gap5,5,4,26,1.970855827266864,52030,9135,1122,0.1582930046742174,0.1175750725907595,0.9876035058902618,0.9881392234247972,0.9738365261681372,0.9908499312217204,0.2318533209412901,0.3423699924855328,0.8537322739946106,True
study06-allen-abca1-conditional-stack-v5,medium_gap5,5,5,31,2.2700640329181714,52031,10732,1122,0.1756542137877651,0.1293829184771827,0.9679060560284888,0.9779411210478088,0.9466240849529972,0.9821378767720668,0.425847616193493,0.2560239473491153,0.8670661340050255,True
study06-allen-abca1-conditional-stack-v5,medium_gap5,5,6,36,2.760884455979676,52032,9533,1122,0.1868948499298187,0.147728647447662,0.9867409974248076,0.990678164365144,0.9702029892750232,0.9912264765985832,0.4446628034548562,0.4503798676943292,0.8473303070301461,True
study06-allen-abca1-conditional-stack-v5,medium_gap5,5,7,41,3.294805636610366,52033,12473,1122,0.1597168131176909,0.1013176028636373,0.976002715439883,0.96278588460111,0.9896278309466084,0.9646910059726164,0.4511765937526465,0.3324090962366438,0.8716895576630137,True
study06-allen-abca1-conditional-stack-v5,medium_gap5,5,8,46,3.7842382240187393,52034,21795,1122,0.1928096416874285,0.1473108350953099,0.9751477605775304,0.9823414830870196,0.9649912365506396,0.9849235484355758,0.3700453542862257,0.2770877307907511,0.8625781335988416,True
study06-allen-abca1-conditional-stack-v5,medium_gap5,5,9,51,4.276677295245734,52035,21184,1122,0.1791550444538263,0.1347355273968156,0.949333580275454,0.9638827697700272,0.9526648191938852,0.9632821093449038,0.3515395721826357,0.3646723487484091,0.8764556242132516,True
study06-allen-abca1-conditional-stack-v5,medium_gap5,5,10,56,4.791846418988289,52036,22963,1122,0.1931146692283291,0.1585067063313643,0.98344226487635,0.9862604594819678,0.9727790083279412,0.9867000529882298,0.3272243695554637,0.2318551614534802,0.8616228925518673,False
study06-allen-abca1-conditional-stack-v5,medium_gap5,5,11,61,5.302221068661704,52037,27215,1122,0.1872234163854032,0.1449702140012903,0.9332180194094885,0.9502280015140904,0.889384203609006,0.952254373417156,0.3552882369303993,0.3348583751287518,0.8738151459456729,False
study06-allen-abca1-conditional-stack-v5,medium_gap5,5,12,66,5.752391808790593,52038,26940,1122,0.2055591984708756,0.1842746743090107,0.9750390288653508,0.9801845590720334,0.9658209997933512,0.983581709977918,0.331235483498865,0.2454916412009182,0.8649590560434735,True
study06-allen-abca1-conditional-stack-v5,medium_gap5,5,13,71,6.104251618282508,52039,26292,1122,0.1418085203389458,0.0814247535789781,0.942261006606792,0.9394680300247948,0.972092827257039,0.9509386721980082,0.4119661028426595,0.4513822966915083,0.9103323741251602,False
study06-allen-abca1-conditional-stack-v5,medium_gap5,5,14,76,6.418447464831936,52040,27848,1122,0.1964485840989129,0.1623014456934642,0.8796784457570217,0.9022610029769702,0.8110984022204272,0.9181640139709364,0.3616742660370194,0.7708367275321741,0.8720251440257843,True
study06-allen-abca1-conditional-stack-v5,medium_gap5,5,15,81,6.881643083604378,52041,30439,1122,0.1801363914969564,0.1281948807363618,0.919657848313709,0.9304094920654156,0.9046281643299864,0.9492497599103276,0.4211943755302139,0.5274985840153643,0.896559356568649,True
study06-allen-abca1-conditional-stack-v5,medium_gap5,5,16,86,7.463723138174608,52042,30109,1122,0.1678455993236645,0.1267815911416746,0.8808008845477528,0.8964788985486144,0.8573600007491216,0.912326137563504,0.3607650632500703,0.8211817697820103,0.8757255083635028,True
study06-allen-abca1-conditional-stack-v5,medium_gap5,5,17,91,8.008105978096916,52043,26059,1122,0.1738440173249116,0.1328988028717226,0.9683094162887876,0.9651979705024288,0.9788935374037367,0.9675419459128576,0.3943459886057681,1.04128009530839,0.8974365439841229,True
study06-allen-abca1-conditional-stack-v5,medium_gap5,5,18,96,8.469022199413168,52044,28442,1122,0.1956052870013798,0.1626768736123536,0.9562720277794206,0.961895551866854,0.9443977554261858,0.9626872973614444,0.3603209093505797,0.3602099249661841,0.8662906130512473,False
study06-allen-abca1-conditional-stack-v5,medium_gap5,5,19,101,8.854363135565341,52045,25528,1122,0.164799289961082,0.1210754848533026,0.9654165633241109,0.97240572897218,0.9492602627316448,0.9755682360864664,0.3981657093257736,0.5926511100916135,0.896482639190938,True
study06-allen-abca1-conditional-stack-v5,medium_gap5,5,20,106,9.307552976701205,52046,27169,1122,0.1878490579993859,0.1533098829426906,0.9786689716159488,0.9798207216283198,0.980074447959226,0.98164837645209,0.3582690210371713,0.2110136664172315,0.8582653063467008,False
study06-allen-abca1-conditional-stack-v5,medium_gap5,5,21,111,9.847676327766404,52047,20936,1122,0.1465263159211561,0.0985900322871669,0.9661368924951328,0.9698001105077868,0.9463325607891506,0.9742468579673308,0.4454538520171884,0.5420017507046044,0.907189350232422,False
study06-allen-abca1-conditional-stack-v5,medium_gap5,5,22,116,10.354266571312971,52048,19003,1122,0.1504129241119902,0.112446317958393,0.9766954070885258,0.9793290427691104,0.974025687966371,0.9792436813345022,0.3246024934200955,0.2379035638272472,0.8866923808455078,True
study06-allen-abca1-conditional-stack-v5,medium_gap5,5,23,121,10.702504977376009,52049,18805,1122,0.1256716092439937,0.0786935355190185,0.9380623153208236,0.9479989325748764,0.8395628951201647,0.9571395255172062,0.3159153028685451,0.3136528969154499,0.9077850352960888,False
study06-allen-abca1-conditional-stack-v5,medium_gap5,5,24,126,11.067791421558011,52050,20175,1122,0.1145033206386539,0.0578608019201265,0.9782031870464064,0.9876930032243516,0.9505981689222462,0.986782705835145,0.2492065357337299,0.2897195583428361,0.9131650633498664,True
study06-allen-abca1-conditional-stack-v5,medium_gap5,5,25,131,11.533454649051524,52051,16997,1122,0.1212836203196419,0.070028445297349,0.9129788969596588,0.9145199416798838,0.8692891637822673,0.918167564341953,0.3219151911513547,1.8331908032709496,0.9137346074881058,False
study06-allen-abca1-conditional-stack-v5,medium_gap5,5,26,136,12.046132738254242,52052,14630,1122,0.1382523270737935,0.0848975206598115,0.976613993544218,0.9861901682710138,0.9562544891587704,0.9892185217249346,0.3342053157214068,0.2417411061583368,0.9005901055968549,True
study06-allen-abca1-conditional-stack-v5,medium_gap5,5,27,141,12.557298711671177,52053,10682,1122,0.1151676196665464,0.069737953296561,0.913527131770276,0.9305837328467244,0.7303580897340471,0.9371191061196328,0.3905549986281488,0.5240732544253789,0.8992745780747092,True
study06-allen-abca1-conditional-stack-v5,medium_gap5,5,28,146,13.057739820419144,52054,14027,1122,0.1115532135543896,0.0682382694701092,0.9719791116782776,0.9738099024048495,0.9711681902044528,0.9762159795775294,0.3336811484755539,0.2267847597911924,0.8959273380637814,True
study06-allen-abca1-conditional-stack-v5,sparse_gap10,10,0,6,0.2,102026,10442,1122,0.094235506368767,0.0405194344089703,0.9333778352426444,0.9549687520772804,0.9330222146481472,0.9623568427173506,0.0955703799769538,0.2962347196054701,0.8605265281648713,False
study06-allen-abca1-conditional-stack-v5,sparse_gap10,10,1,16,0.9752523511274424,102027,9580,1122,0.106575779894756,0.0528466409973789,0.9014859599635432,0.9263664065188424,0.8872090550583664,0.9479036601409268,0.1085277692057166,0.4834034466402597,0.8762196917941705,True
study06-allen-abca1-conditional-stack-v5,sparse_gap10,10,2,26,1.970855827266864,102028,9135,1122,0.1292562118943908,0.08321250353229,0.9298876521211608,0.9437950057911187,0.8976871125396473,0.9588009196966748,0.2161181517830442,0.340318797586665,0.8580017907221628,True
study06-allen-abca1-conditional-stack-v5,sparse_gap10,10,3,36,2.760884455979676,102029,9533,1122,0.1509432448483388,0.1026842242510945,0.9751263087397376,0.982601829862312,0.9760396936510208,0.9850540780897488,0.4308865354383933,0.2488403615263471,0.8545446167857719,True
study06-allen-abca1-conditional-stack-v5,sparse_gap10,10,4,46,3.7842382240187393,102030,21795,1122,0.1547169981659436,0.1035967266801347,0.9437621702812402,0.9615552532008638,0.9110063380928758,0.9672943366406856,0.3179899007866597,0.3074954180779706,0.8565612055529483,True
study06-allen-abca1-conditional-stack-v5,sparse_gap10,10,5,56,4.791846418988289,102031,22963,1122,0.168097924696956,0.1227556432103054,0.959676488674032,0.972763666680154,0.93908839309778,0.975136540237427,0.3087326625513198,0.2595535131309472,0.8588165721762168,True
study06-allen-abca1-conditional-stack-v5,sparse_gap10,10,6,66,5.752391808790593,102032,26940,1122,0.1433186131839616,0.0977153230215691,0.9734605568764492,0.97081838640456,0.9749628915617105,0.9698458024325792,0.2927720861013624,0.3427219684038625,0.8652589941643519,True
study06-allen-abca1-conditional-stack-v5,sparse_gap10,10,7,76,6.418447464831936,102033,27848,1122,0.1409658786254653,0.0845018841615266,0.974242709263758,0.9753249035721562,0.9850023854077824,0.9784193147299154,0.3614532075483613,0.293902044383353,0.888366284922068,True
study06-allen-abca1-conditional-stack-v5,sparse_gap10,10,8,86,7.463723138174608,102034,30109,1122,0.1273728004753647,0.0749023557741979,0.9842918701562672,0.9824927885462744,0.983794200611256,0.984192723283621,0.3616250483096868,0.3015590190678903,0.8924383467613944,True
study06-allen-abca1-conditional-stack-v5,sparse_gap10,10,9,96,8.469022199413168,102035,28442,1122,0.1489245323283503,0.1039822983453468,0.9582960561181492,0.9567370108311078,0.9618724255639354,0.9544179131660452,0.3434434520677908,0.5818574961729593,0.8716224136266765,False
study06-allen-abca1-conditional-stack-v5,sparse_gap10,10,10,106,9.307552976701205,102036,27169,1122,0.1308542456210264,0.0856964618096625,0.961462937732114,0.9612154660354586,0.9659908720730712,0.9580930317350402,0.3474090488766421,0.523897061321499,0.870014783140853,False
study06-allen-abca1-conditional-stack-v5,sparse_gap10,10,11,116,10.354266571312971,102037,19003,1122,0.1059815913067217,0.0652934367804962,0.9844249049680306,0.9838841003713324,0.9715923371542744,0.98524045747785,0.2763570813732237,0.3455576140392122,0.8888430141806982,True
study06-allen-abca1-conditional-stack-v5,sparse_gap10,10,12,126,11.067791421558011,102038,20175,1122,0.0977368140522028,0.0496138643397712,0.9846914056833798,0.9891301502744976,0.9596078050156074,0.9920456103679208,0.2775927211692226,0.1981819933135134,0.9196222656620484,True
study06-allen-abca1-conditional-stack-v5,sparse_gap10,10,13,136,12.046132738254242,102039,14630,1122,0.1049343556879834,0.056243076350664,0.9541699652501232,0.9678973638518164,0.8762021585846315,0.9793661530471416,0.2681075959449728,0.3003960053628408,0.9003582364722951,True
study06-allen-abca1-conditional-stack-v5,sparse_gap10,10,14,146,13.057739820419144,102040,14027,1122,0.1074898078060446,0.0614330716745173,0.9446725640243274,0.959473045162857,0.9088209346441808,0.976818200357504,0.2897715733766876,0.3378496103062058,0.8879465800617976,True
