slice_id,simulation_id,alteration_type,method,ARI,NMI,AMI,Homogeneity,Completeness,V_measure,CHAOS,PAS,n_true_clusters,n_predicted_clusters,status,source_set,alteration_value,plot_group,raw_level,level
151508,mean_0_50,mean,GraphST,0.307940958902,0.534665922943,0.533540852150,0.518088309591,0.552339494035,0.534665922943,0.055088226929,0.014840182648,7,7,ok,frozen_canonical,,mean,0.500000000000,0.500000000000
151508,mean_0_50,mean,STAGATE_mclust,0.435850566503,0.590690966766,0.589744013555,0.596570962835,0.584925749678,0.590690966766,0.057442754957,0.059360730594,7,7,ok,frozen_canonical,,mean,0.500000000000,0.500000000000
151508,mean_0_50,mean,Leiden_unsupervised,0.270776695647,0.377038667211,0.375804169139,0.370088283148,0.384255109093,0.377038667211,0.064477200982,0.383561643836,7,6,ok,frozen_canonical,,mean,0.500000000000,0.500000000000
151508,mean_0_67,mean,GraphST,0.507072112126,0.633671778271,0.632814813062,0.634153533271,0.633190754677,0.633671778271,0.055072936492,0.011872146119,7,7,ok,frozen_canonical,,mean,0.670000000000,0.670000000000
151508,mean_0_67,mean,STAGATE_mclust,0.442950225626,0.604207933273,0.603297731402,0.613855348079,0.594859066022,0.604207933273,0.056737227188,0.055707762557,7,7,ok,frozen_canonical,,mean,0.670000000000,0.670000000000
151508,mean_0_67,mean,Leiden_unsupervised,0.287871140090,0.373381055132,0.372087686514,0.354796149340,0.394020613944,0.373381055132,0.063099427477,0.326027397260,7,6,ok,frozen_canonical,,mean,0.670000000000,0.670000000000
151508,mean_0_80,mean,GraphST,0.512041733399,0.643756958694,0.642922906924,0.643707125413,0.643806799692,0.643756958694,0.055073691849,0.011643835616,7,7,ok,frozen_canonical,,mean,0.800000000000,0.800000000000
151508,mean_0_80,mean,STAGATE_mclust,0.516448526504,0.632979155680,0.632115453022,0.629740182868,0.636251619072,0.632979155680,0.055870224864,0.056621004566,7,7,ok,frozen_canonical,,mean,0.800000000000,0.800000000000
151508,mean_0_80,mean,Leiden_unsupervised,0.229093282167,0.320640700358,0.319281113313,0.311868417785,0.329920762031,0.320640700358,0.063902827402,0.412557077626,7,6,ok,frozen_canonical,,mean,0.800000000000,0.800000000000
151508,mean_1_25,mean,GraphST,0.275705922049,0.504883905279,0.503662638314,0.480072052215,0.532400269099,0.504883905279,0.055235224824,0.016666666667,7,7,ok,frozen_canonical,,mean,1.250000000000,1.250000000000
151508,mean_1_25,mean,STAGATE_mclust,0.511462106847,0.631116724445,0.630248539201,0.627802105637,0.634466529540,0.631116724445,0.056204267205,0.052968036530,7,7,ok,frozen_canonical,,mean,1.250000000000,1.250000000000
151508,mean_1_25,mean,Leiden_unsupervised,0.253680689294,0.358503307574,0.357221621227,0.349062004102,0.368469539069,0.358503307574,0.064360237399,0.381506849315,7,6,ok,frozen_canonical,,mean,1.250000000000,1.250000000000
151508,mean_1_50,mean,GraphST,0.485302980699,0.633644370289,0.632786546451,0.633646697312,0.633642043283,0.633644370289,0.055073325563,0.013013698630,7,7,ok,frozen_canonical,,mean,1.500000000000,1.500000000000
151508,mean_1_50,mean,STAGATE_mclust,0.438065311249,0.601525405051,0.600609304396,0.611287987962,0.592069747306,0.601525405051,0.056781302383,0.055707762557,7,7,ok,frozen_canonical,,mean,1.500000000000,1.500000000000
151508,mean_1_50,mean,Leiden_unsupervised,0.263418258079,0.364539618476,0.363276226209,0.356667870394,0.372766671068,0.364539618476,0.064223562771,0.372146118721,7,6,ok,frozen_canonical,,mean,1.500000000000,1.500000000000
151508,mean_2,mean,GraphST,0.482629471345,0.627813786164,0.626942606449,0.627926219295,0.627701393290,0.627813786164,0.055083303352,0.011643835616,7,7,ok,frozen_canonical,,mean,2.000000000000,2.000000000000
151508,mean_2,mean,STAGATE_mclust,0.278187211945,0.516937704764,0.515752094547,0.493387790920,0.542848426321,0.516937704764,0.055879261811,0.054337899543,7,7,ok,frozen_canonical,,mean,2.000000000000,2.000000000000
151508,mean_2,mean,Leiden_unsupervised,0.285069117777,0.371688640895,0.370649724117,0.349384122388,0.397035180611,0.371688640895,0.062346087922,0.331963470320,7,5,ok,frozen_canonical,,mean,2.000000000000,2.000000000000
151508,variance_0_50,variance,GraphST,0.526368624263,0.673267334692,0.672483386966,0.657951822671,0.689312854976,0.673267334692,0.055073326656,0.014611872146,7,7,ok,frozen_canonical,,variance,0.500000000000,0.500000000000
151508,variance_0_50,variance,STAGATE_mclust,0.433062094691,0.600369663849,0.599451030360,0.610196746963,0.590854089931,0.600369663849,0.056630575926,0.057990867580,7,7,ok,frozen_canonical,,variance,0.500000000000,0.500000000000
151508,variance_0_50,variance,Leiden_unsupervised,0.288939086393,0.362619168536,0.361559661646,0.339133847384,0.389599264819,0.362619168536,0.062363508738,0.326712328767,7,5,ok,frozen_canonical,,variance,0.500000000000,0.500000000000
151508,variance_0_67,variance,GraphST,0.486904973726,0.633024315098,0.632163855991,0.632116114109,0.633935129582,0.633024315098,0.055072737357,0.012100456621,7,7,ok,frozen_canonical,,variance,0.670000000000,0.670000000000
151508,variance_0_67,variance,STAGATE_mclust,0.431785028372,0.598875562269,0.597953438318,0.608644632779,0.589415135434,0.598875562269,0.056738266813,0.057305936073,7,7,ok,frozen_canonical,,variance,0.670000000000,0.670000000000
151508,variance_0_67,variance,Leiden_unsupervised,0.273714732645,0.356343605284,0.355070645252,0.350458402924,0.362429842470,0.356343605284,0.064800741184,0.389041095890,7,6,ok,frozen_canonical,,variance,0.670000000000,0.670000000000
151508,variance_0_80,variance,GraphST,0.485258897905,0.621583080289,0.620697469401,0.621777736611,0.621388545810,0.621583080289,0.055071938767,0.010045662100,7,7,ok,frozen_canonical,,variance,0.800000000000,0.800000000000
151508,variance_0_80,variance,STAGATE_mclust,0.435811941590,0.600542212246,0.599624360977,0.610622479627,0.590789353728,0.600542212246,0.056733872392,0.056392694064,7,7,ok,frozen_canonical,,variance,0.800000000000,0.800000000000
151508,variance_0_80,variance,Leiden_unsupervised,0.280629331323,0.364333860211,0.362799948355,0.358553388298,0.370303767616,0.364333860211,0.064776486880,0.373287671233,7,7,ok,frozen_canonical,,variance,0.800000000000,0.800000000000
151508,variance_1_25,variance,GraphST,0.490245144988,0.631133968862,0.630269172349,0.630276195924,0.631994079751,0.631133968862,0.055073869804,0.012557077626,7,7,ok,frozen_canonical,,variance,1.250000000000,1.250000000000
151508,variance_1_25,variance,STAGATE_mclust,0.438677189130,0.603484907960,0.602572861739,0.612994619537,0.594265747340,0.603484907960,0.056789958661,0.055479452055,7,7,ok,frozen_canonical,,variance,1.250000000000,1.250000000000
151508,variance_1_25,variance,Leiden_unsupervised,0.282347293593,0.372627137658,0.371107459623,0.364941409998,0.380643555143,0.372627137658,0.065181405897,0.370319634703,7,7,ok,frozen_canonical,,variance,1.250000000000,1.250000000000
151508,variance_1_50,variance,GraphST,0.529244218409,0.675073180115,0.674295397832,0.660966841914,0.689794763107,0.675073180115,0.055222271383,0.011187214612,7,7,ok,frozen_canonical,,variance,1.500000000000,1.500000000000
151508,variance_1_50,variance,STAGATE_mclust,0.439469145818,0.603992056953,0.603080596196,0.613134888004,0.595117888453,0.603992056953,0.056451778426,0.055936073059,7,7,ok,frozen_canonical,,variance,1.500000000000,1.500000000000
151508,variance_1_50,variance,Leiden_unsupervised,0.280243790803,0.378634616333,0.377324803452,0.356292399577,0.403966348743,0.378634616333,0.062424359854,0.324657534247,7,6,ok,frozen_canonical,,variance,1.500000000000,1.500000000000
151508,variance_2,variance,GraphST,0.511967603148,0.666566874116,0.665770551734,0.654155583029,0.679458232259,0.666566874116,0.055073066049,0.011872146119,7,7,ok,frozen_canonical,,variance,2.000000000000,2.000000000000
151508,variance_2,variance,STAGATE_mclust,0.444876264179,0.606417228488,0.605511240154,0.615526641037,0.597573511128,0.606417228488,0.056428161661,0.056392694064,7,7,ok,frozen_canonical,,variance,2.000000000000,2.000000000000
151508,variance_2,variance,Leiden_unsupervised,0.283758543527,0.379392199612,0.378106363819,0.359266925653,0.401906013285,0.379392199612,0.062658396510,0.330136986301,7,6,ok,frozen_canonical,,variance,2.000000000000,2.000000000000
151508,sparsity_neg_1,sparsity_logit_shift,GraphST,0.306562107232,0.547024489508,0.546378117406,0.447120257222,0.704419476318,0.547024489508,0.055066245345,0.006392694064,7,4,ok,frozen_canonical,,sparsity,1.000000000000,-1.000000000000
151508,sparsity_neg_1,sparsity_logit_shift,STAGATE_mclust,0.080159484539,0.101517810642,0.099315885631,0.097105013064,0.106350768258,0.101517810642,0.058749386929,0.406621004566,7,7,ok,frozen_canonical,,sparsity,1.000000000000,-1.000000000000
151508,sparsity_neg_1,sparsity_logit_shift,Leiden_unsupervised,0.143914902075,0.206691766333,0.203811095189,0.224260628816,0.191675652295,0.206691766333,0.080690698221,0.719634703196,7,11,ok,frozen_canonical,,sparsity,1.000000000000,-1.000000000000
151508,sparsity_neg_0_50,sparsity_logit_shift,GraphST,0.249227916967,0.501764130527,0.500844328574,0.423681341308,0.615130180832,0.501764130527,0.055070975835,0.013242009132,7,5,ok,frozen_canonical,,sparsity,0.500000000000,-0.500000000000
151508,sparsity_neg_0_50,sparsity_logit_shift,STAGATE_mclust,0.199420533009,0.300674097814,0.298861467773,0.271932889410,0.336208771003,0.300674097814,0.056421742023,0.207305936073,7,7,ok,frozen_canonical,,sparsity,0.500000000000,-0.500000000000
151508,sparsity_neg_0_50,sparsity_logit_shift,Leiden_unsupervised,0.141958083146,0.205162120392,0.202510120719,0.217559116038,0.194101775466,0.205162120392,0.078162440745,0.670091324201,7,10,ok,frozen_canonical,,sparsity,0.500000000000,-0.500000000000
151508,sparsity_neg_0_25,sparsity_logit_shift,GraphST,0.268180701658,0.522307325575,0.521274380547,0.471267657084,0.585745253252,0.522307325575,0.055070988160,0.010730593607,7,6,ok,frozen_canonical,,sparsity,0.250000000000,-0.250000000000
151508,sparsity_neg_0_25,sparsity_logit_shift,STAGATE_mclust,0.275511973794,0.441748709969,0.440335333330,0.409472642843,0.479548393034,0.441748709969,0.056102234950,0.113698630137,7,7,ok,frozen_canonical,,sparsity,0.250000000000,-0.250000000000
151508,sparsity_neg_0_25,sparsity_logit_shift,Leiden_unsupervised,0.154412829927,0.224309177919,0.222163221876,0.223001476367,0.225632306908,0.224309177919,0.072441245682,0.537442922374,7,8,ok,frozen_canonical,,sparsity,0.250000000000,-0.250000000000
151508,sparsity_pos_0_25,sparsity_logit_shift,GraphST,0.421704642545,0.548821542668,0.547834007192,0.490073321365,0.623573254173,0.548821542668,0.055105759644,0.018949771689,7,6,ok,frozen_canonical,,sparsity,0.250000000000,0.250000000000
151508,sparsity_pos_0_25,sparsity_logit_shift,STAGATE_mclust,0.488102551875,0.579737807892,0.578759088154,0.582111656001,0.577383242229,0.579737807892,0.055914304246,0.077397260274,7,7,ok,frozen_canonical,,sparsity,0.250000000000,0.250000000000
151508,sparsity_pos_0_25,sparsity_logit_shift,Leiden_unsupervised,0.198517942413,0.273623517968,0.272091324898,0.256073410104,0.293756235439,0.273623517968,0.065934687425,0.457762557078,7,6,ok,frozen_canonical,,sparsity,0.250000000000,0.250000000000
151508,sparsity_pos_0_50,sparsity_logit_shift,GraphST,0.380719613225,0.539384496512,0.538430041241,0.507072025372,0.576095386944,0.539384496512,0.055084412302,0.022831050228,7,6,ok,frozen_canonical,,sparsity,0.500000000000,0.500000000000
151508,sparsity_pos_0_50,sparsity_logit_shift,STAGATE_mclust,0.482266164790,0.585047500959,0.584082422713,0.588155082441,0.581972585373,0.585047500959,0.056045900858,0.079452054795,7,7,ok,frozen_canonical,,sparsity,0.500000000000,0.500000000000
151508,sparsity_pos_0_50,sparsity_logit_shift,Leiden_unsupervised,0.143450505337,0.233418606428,0.231825316143,0.221615721321,0.246549418839,0.233418606428,0.065155824876,0.627397260274,7,6,ok,frozen_canonical,,sparsity,0.500000000000,0.500000000000
151508,sparsity_pos_1,sparsity_logit_shift,GraphST,0.216761354613,0.411095341318,0.409493904596,0.309043233369,0.613776234348,0.411095341318,0.055326659744,0.016210045662,7,6,ok,frozen_canonical,,sparsity,1.000000000000,1.000000000000
151508,sparsity_pos_1,sparsity_logit_shift,STAGATE_mclust,0.468373904487,0.575602564188,0.574619621241,0.581050661466,0.570255683711,0.575602564188,0.056354008607,0.077397260274,7,7,ok,frozen_canonical,,sparsity,1.000000000000,1.000000000000
151508,sparsity_pos_1,sparsity_logit_shift,Leiden_unsupervised,0.164159924994,0.247737257629,0.245329489129,0.273968559246,0.226090109932,0.247737257629,0.075588836253,0.778767123288,7,10,ok,frozen_canonical,,sparsity,1.000000000000,1.000000000000
151670,mean_0_50,mean,GraphST,0.355161460859,0.493885992744,0.492980667212,0.558000426682,0.442986676782,0.493885992744,0.060390995684,0.009770114943,5,5,ok,frozen_canonical,,mean,0.500000000000,0.500000000000
151670,mean_0_50,mean,STAGATE_mclust,0.415072448659,0.546194653181,0.545391414055,0.623390977895,0.486010548149,0.546194653181,0.061260908302,0.042241379310,5,5,ok,frozen_canonical,,mean,0.500000000000,0.500000000000
151670,mean_0_50,mean,Leiden_unsupervised,0.176353223389,0.280415171284,0.279177767601,0.329230885207,0.244206230872,0.280415171284,0.069398860315,0.442816091954,5,5,ok,frozen_canonical,,mean,0.500000000000,0.500000000000
151670,mean_0_67,mean,GraphST,0.359259480980,0.495896921970,0.494991455617,0.558065029449,0.446191462348,0.495896921970,0.060376972707,0.011494252874,5,5,ok,frozen_canonical,,mean,0.670000000000,0.670000000000
151670,mean_0_67,mean,STAGATE_mclust,0.244817666757,0.435023007612,0.434018093250,0.494338418375,0.388417047299,0.435023007612,0.061224678760,0.051149425287,5,5,ok,frozen_canonical,,mean,0.670000000000,0.670000000000
151670,mean_0_67,mean,Leiden_unsupervised,0.209094353220,0.319007971926,0.317594228928,0.390266314214,0.269753876969,0.319007971926,0.070716666360,0.465804597701,5,6,ok,frozen_canonical,,mean,0.670000000000,0.670000000000
151670,mean_0_80,mean,GraphST,0.347700829188,0.492329932159,0.491423617898,0.557313771073,0.440918053838,0.492329932159,0.060370389597,0.011206896552,5,5,ok,frozen_canonical,,mean,0.800000000000,0.800000000000
151670,mean_0_80,mean,STAGATE_mclust,0.419868911550,0.544557800196,0.543750538351,0.620700746793,0.485054878820,0.544557800196,0.061119282128,0.039367816092,5,5,ok,frozen_canonical,,mean,0.800000000000,0.800000000000
151670,mean_0_80,mean,Leiden_unsupervised,0.195344803697,0.293553092021,0.292355854148,0.349432618791,0.253081549177,0.293553092021,0.069920482256,0.381321839080,5,5,ok,frozen_canonical,,mean,0.800000000000,0.800000000000
151670,mean_1_25,mean,GraphST,0.365294014927,0.493407233571,0.492493977434,0.553344065802,0.445185828542,0.493407233571,0.060366091007,0.006609195402,5,5,ok,frozen_canonical,,mean,1.250000000000,1.250000000000
151670,mean_1_25,mean,STAGATE_mclust,0.253765222520,0.437825493453,0.436831287148,0.500228454476,0.389265092362,0.437825493453,0.061533170399,0.048275862069,5,5,ok,frozen_canonical,,mean,1.250000000000,1.250000000000
151670,mean_1_25,mean,Leiden_unsupervised,0.169656671885,0.266703934716,0.265196775755,0.328085800639,0.224670188228,0.266703934716,0.070655779122,0.469540229885,5,6,ok,frozen_canonical,,mean,1.250000000000,1.250000000000
151670,mean_1_50,mean,GraphST,0.553697437050,0.594119539504,0.593380539799,0.659477129020,0.540548401156,0.594119539504,0.060379337108,0.006609195402,5,5,ok,frozen_canonical,,mean,1.500000000000,1.500000000000
151670,mean_1_50,mean,STAGATE_mclust,0.366747028221,0.514756312659,0.513856938749,0.563045283204,0.474095982786,0.514756312659,0.061273952653,0.035919540230,5,5,ok,frozen_canonical,,mean,1.500000000000,1.500000000000
151670,mean_1_50,mean,Leiden_unsupervised,0.191636843325,0.293812524846,0.292594315150,0.343858169694,0.256483520334,0.293812524846,0.069383432932,0.383333333333,5,5,ok,frozen_canonical,,mean,1.500000000000,1.500000000000
151670,mean_2,mean,GraphST,0.428663267488,0.516404767844,0.515521083026,0.571369343951,0.471087137336,0.516404767844,0.060758940695,0.008620689655,5,5,ok,frozen_canonical,,mean,2.000000000000,2.000000000000
151670,mean_2,mean,STAGATE_mclust,0.257588589700,0.439894476049,0.438904936058,0.503076523155,0.390811892638,0.439894476049,0.061483822738,0.050287356322,5,5,ok,frozen_canonical,,mean,2.000000000000,2.000000000000
151670,mean_2,mean,Leiden_unsupervised,0.202548897741,0.287556416092,0.286114614842,0.358883671755,0.239880709360,0.287556416092,0.071312786501,0.489655172414,5,6,ok,frozen_canonical,,mean,2.000000000000,2.000000000000
151670,variance_0_50,variance,GraphST,0.458830950890,0.541629071622,0.540749071170,0.570662116517,0.515407180628,0.541629071622,0.060402730156,0.004310344828,5,5,ok,frozen_canonical,,variance,0.500000000000,0.500000000000
151670,variance_0_50,variance,STAGATE_mclust,0.408551095169,0.536663131099,0.535843777375,0.613020637126,0.477220779068,0.536663131099,0.060979489690,0.037931034483,5,5,ok,frozen_canonical,,variance,0.500000000000,0.500000000000
151670,variance_0_50,variance,Leiden_unsupervised,0.174277423081,0.284210337315,0.282984702010,0.334996317698,0.246795710757,0.284210337315,0.069665026509,0.410344827586,5,5,ok,frozen_canonical,,variance,0.500000000000,0.500000000000
151670,variance_0_67,variance,GraphST,0.349169182420,0.495684931699,0.494786898869,0.562475128640,0.443072952519,0.495684931699,0.060413146102,0.007471264368,5,5,ok,frozen_canonical,,variance,0.670000000000,0.670000000000
151670,variance_0_67,variance,STAGATE_mclust,0.368877879505,0.518832180500,0.517940444402,0.567572423839,0.477801047966,0.518832180500,0.061442986665,0.034482758621,5,5,ok,frozen_canonical,,variance,0.670000000000,0.670000000000
151670,variance_0_67,variance,Leiden_unsupervised,0.179929147179,0.271555955282,0.270072490930,0.337005314141,0.227394054925,0.271555955282,0.072031570245,0.460632183908,5,6,ok,frozen_canonical,,variance,0.670000000000,0.670000000000
151670,variance_0_80,variance,GraphST,0.380386279986,0.499461001982,0.498556341742,0.558720934032,0.451566274712,0.499461001982,0.060375091923,0.008333333333,5,5,ok,frozen_canonical,,variance,0.800000000000,0.800000000000
151670,variance_0_80,variance,STAGATE_mclust,0.220673804977,0.435855324182,0.434873971827,0.505977879548,0.382803308858,0.435855324182,0.061676289038,0.052011494253,5,5,ok,frozen_canonical,,variance,0.800000000000,0.800000000000
151670,variance_0_80,variance,Leiden_unsupervised,0.177194607771,0.285884812997,0.284658761680,0.336079150866,0.248735489231,0.285884812997,0.069363647842,0.387931034483,5,5,ok,frozen_canonical,,variance,0.800000000000,0.800000000000
151670,variance_1_25,variance,GraphST,0.350450112691,0.493189700345,0.492283982061,0.557727609893,0.442038814949,0.493189700345,0.060373415545,0.010344827586,5,5,ok,frozen_canonical,,variance,1.250000000000,1.250000000000
151670,variance_1_25,variance,STAGATE_mclust,0.426455474883,0.551017357657,0.550219180593,0.626284789662,0.491900359349,0.551017357657,0.061055195125,0.039655172414,5,5,ok,frozen_canonical,,variance,1.250000000000,1.250000000000
151670,variance_1_25,variance,Leiden_unsupervised,0.146956037847,0.271398405508,0.269670147136,0.348002922722,0.222434723125,0.271398405508,0.072431743683,0.523850574713,5,7,ok,frozen_canonical,,variance,1.250000000000,1.250000000000
151670,variance_1_50,variance,GraphST,0.350226752491,0.494487639889,0.493585277046,0.559812112323,0.442815501370,0.494487639889,0.060364132607,0.009482758621,5,5,ok,frozen_canonical,,variance,1.500000000000,1.500000000000
151670,variance_1_50,variance,STAGATE_mclust,0.246780713741,0.444759892645,0.443776783238,0.507606551766,0.395760828690,0.444759892645,0.061472395699,0.045977011494,5,5,ok,frozen_canonical,,variance,1.500000000000,1.500000000000
151670,variance_1_50,variance,Leiden_unsupervised,0.198555613812,0.307375148677,0.305731130094,0.394970639791,0.251580356253,0.307375148677,0.072387539689,0.535057471264,5,7,ok,frozen_canonical,,variance,1.500000000000,1.500000000000
151670,variance_2,variance,GraphST,0.558149939814,0.600245135530,0.599516857689,0.665916033168,0.546364133569,0.600245135530,0.060374557645,0.006896551724,5,5,ok,frozen_canonical,,variance,2.000000000000,2.000000000000
151670,variance_2,variance,STAGATE_mclust,0.375063903171,0.522273110492,0.521386820078,0.570739342350,0.481393940923,0.522273110492,0.061891321107,0.037931034483,5,5,ok,frozen_canonical,,variance,2.000000000000,2.000000000000
151670,variance_2,variance,Leiden_unsupervised,0.176723642960,0.291859807535,0.290650908495,0.344996341521,0.252906936430,0.291859807535,0.069743172514,0.400574712644,5,5,ok,frozen_canonical,,variance,2.000000000000,2.000000000000
151670,sparsity_neg_1,sparsity_logit_shift,GraphST,-0.002581399279,0.032740787224,0.031987206322,0.021218188185,0.071651157474,0.032740787224,0.060690352483,0.033333333333,5,2,ok,frozen_canonical,,sparsity,1.000000000000,-1.000000000000
151670,sparsity_neg_1,sparsity_logit_shift,STAGATE_mclust,0.015331127419,0.038486276280,0.036695874366,0.041827161733,0.035639612575,0.038486276280,0.065481445717,0.421839080460,5,5,ok,frozen_canonical,,sparsity,1.000000000000,-1.000000000000
151670,sparsity_neg_1,sparsity_logit_shift,Leiden_unsupervised,0.081227629433,0.153860805202,0.150884319153,0.202557425971,0.124040384877,0.153860805202,0.090467582682,0.615517241379,5,10,ok,frozen_canonical,,sparsity,1.000000000000,-1.000000000000
151670,sparsity_neg_0_50,sparsity_logit_shift,GraphST,0.604418755295,0.548079897892,0.547532949664,0.458274887603,0.681660209065,0.548079897892,0.060347437567,0.002011494253,5,3,ok,frozen_canonical,,sparsity,0.500000000000,-0.500000000000
151670,sparsity_neg_0_50,sparsity_logit_shift,STAGATE_mclust,0.343611329338,0.288611202216,0.287282709793,0.313039934670,0.267719171255,0.288611202216,0.063080661894,0.187931034483,5,5,ok,frozen_canonical,,sparsity,0.500000000000,-0.500000000000
151670,sparsity_neg_0_50,sparsity_logit_shift,Leiden_unsupervised,0.125912498668,0.239851363829,0.237548393863,0.323653319293,0.190520763503,0.239851363829,0.084461375850,0.625862068966,5,9,ok,frozen_canonical,,sparsity,0.500000000000,-0.500000000000
151670,sparsity_neg_0_25,sparsity_logit_shift,GraphST,0.452844458622,0.532570087175,0.531888836545,0.553407711729,0.513244731227,0.532570087175,0.060359931458,0.005172413793,5,4,ok,frozen_canonical,,sparsity,0.250000000000,-0.250000000000
151670,sparsity_neg_0_25,sparsity_logit_shift,STAGATE_mclust,0.458095440915,0.378538788891,0.377299161637,0.384946612794,0.372340801409,0.378538788891,0.061367626061,0.112643678161,5,5,ok,frozen_canonical,,sparsity,0.250000000000,-0.250000000000
151670,sparsity_neg_0_25,sparsity_logit_shift,Leiden_unsupervised,0.153974067563,0.257800950440,0.255750913578,0.333255327044,0.210206753802,0.257800950440,0.080002227296,0.541379310345,5,8,ok,frozen_canonical,,sparsity,0.250000000000,-0.250000000000
151670,sparsity_pos_0_25,sparsity_logit_shift,GraphST,0.641301270695,0.605801523419,0.605158838425,0.563848759936,0.654499057414,0.605801523419,0.060349408671,0.002011494253,5,4,ok,frozen_canonical,,sparsity,0.250000000000,0.250000000000
151670,sparsity_pos_0_25,sparsity_logit_shift,STAGATE_mclust,0.281233001185,0.401497993285,0.400413742946,0.448687215091,0.363290132515,0.401497993285,0.061702060056,0.087643678161,5,5,ok,frozen_canonical,,sparsity,0.250000000000,0.250000000000
151670,sparsity_pos_0_25,sparsity_logit_shift,Leiden_unsupervised,0.192720362062,0.255948885530,0.253876371303,0.330981226013,0.208648880037,0.255948885530,0.079772672290,0.528160919540,5,8,ok,frozen_canonical,,sparsity,0.250000000000,0.250000000000
151670,sparsity_pos_0_50,sparsity_logit_shift,GraphST,0.313350542477,0.451794065335,0.450971034316,0.455804470815,0.447853615627,0.451794065335,0.060508478841,0.019540229885,5,4,ok,frozen_canonical,,sparsity,0.500000000000,0.500000000000
151670,sparsity_pos_0_50,sparsity_logit_shift,STAGATE_mclust,0.303222326368,0.423943456183,0.422896096139,0.472265176593,0.384592336750,0.423943456183,0.062251503916,0.088218390805,5,5,ok,frozen_canonical,,sparsity,0.500000000000,0.500000000000
151670,sparsity_pos_0_50,sparsity_logit_shift,Leiden_unsupervised,0.124109763031,0.213114088252,0.210999540793,0.285307268721,0.170078103630,0.213114088252,0.080556585339,0.654022988506,5,8,ok,frozen_canonical,,sparsity,0.500000000000,0.500000000000
151670,sparsity_pos_1,sparsity_logit_shift,GraphST,0.518290558202,0.457375733544,0.456770820835,0.413765673231,0.511261674021,0.457375733544,0.060359416477,0.006321839080,5,3,ok,frozen_canonical,,sparsity,1.000000000000,1.000000000000
151670,sparsity_pos_1,sparsity_logit_shift,STAGATE_mclust,0.325345032753,0.429609480366,0.428568290379,0.476661742721,0.391011891253,0.429609480366,0.061565182982,0.082183908046,5,5,ok,frozen_canonical,,sparsity,1.000000000000,1.000000000000
151670,sparsity_pos_1,sparsity_logit_shift,Leiden_unsupervised,0.101338834605,0.146102004728,0.144053160432,0.188028970682,0.119463798001,0.146102004728,0.079255075090,0.747701149425,5,7,ok,frozen_canonical,,sparsity,1.000000000000,1.000000000000
151676,mean_0_50,mean,GraphST,0.539019049340,0.636601387137,0.635561211274,0.635578869654,0.637627199968,0.636601387137,0.062409774552,0.016321772078,7,7,ok,frozen_canonical,,mean,0.500000000000,0.500000000000
151676,mean_0_50,mean,STAGATE_mclust,0.480272029943,0.626897371943,0.625815369050,0.618285451531,0.635752587068,0.626897371943,0.063300918983,0.048965316234,7,7,ok,frozen_canonical,,mean,0.500000000000,0.500000000000
151676,mean_0_50,mean,Leiden_unsupervised,0.241973416599,0.345824223618,0.344185203467,0.328570306229,0.364990649800,0.345824223618,0.071215243786,0.309530749053,7,6,ok,frozen_canonical,,mean,0.500000000000,0.500000000000
151676,mean_0_67,mean,GraphST,0.514198690428,0.630846597201,0.629787567935,0.628550442914,0.633159589136,0.630846597201,0.062660236391,0.019236374235,7,7,ok,frozen_canonical,,mean,0.670000000000,0.670000000000
151676,mean_0_67,mean,STAGATE_mclust,0.484141929086,0.610755207511,0.609635255840,0.607093432243,0.614461423929,0.610755207512,0.063175242041,0.053045759254,7,7,ok,frozen_canonical,,mean,0.670000000000,0.670000000000
151676,mean_0_67,mean,Leiden_unsupervised,0.211563230362,0.330509231781,0.328863718697,0.319790180806,0.341971788330,0.330509231781,0.071014678735,0.328475663072,7,6,ok,frozen_canonical,,mean,0.670000000000,0.670000000000
151676,mean_0_80,mean,GraphST,0.503481436199,0.626621917198,0.625548863231,0.623338049624,0.629940568139,0.626621917198,0.062390817414,0.019819294666,7,7,ok,frozen_canonical,,mean,0.800000000000,0.800000000000
151676,mean_0_80,mean,STAGATE_mclust,0.436817586918,0.584056788400,0.582866046140,0.583118708435,0.584997891461,0.584056788400,0.063533655877,0.049548236666,7,7,ok,frozen_canonical,,mean,0.800000000000,0.800000000000
151676,mean_0_80,mean,Leiden_unsupervised,0.262077813412,0.361300524392,0.359497389930,0.365460788605,0.357233911762,0.361300524392,0.073160963393,0.388225007287,7,7,ok,frozen_canonical,,mean,0.800000000000,0.800000000000
151676,mean_1_25,mean,GraphST,0.444068336461,0.600932670625,0.599789939706,0.599652053603,0.602218769126,0.600932670625,0.062449205236,0.013407169921,7,7,ok,frozen_canonical,,mean,1.250000000000,1.250000000000
151676,mean_1_25,mean,STAGATE_mclust,0.477360506606,0.606865676113,0.605727892279,0.600258755946,0.613619656868,0.606865676113,0.063663374937,0.047216554940,7,7,ok,frozen_canonical,,mean,1.250000000000,1.250000000000
151676,mean_1_25,mean,Leiden_unsupervised,0.262183150921,0.352960181048,0.351109114401,0.352748831300,0.353171784209,0.352960181048,0.072351467359,0.349752258817,7,7,ok,frozen_canonical,,mean,1.250000000000,1.250000000000
151676,mean_1_50,mean,GraphST,0.443715933245,0.601694907072,0.600552331916,0.599397599468,0.604009892183,0.601694907072,0.062374734405,0.013698630137,7,7,ok,frozen_canonical,,mean,1.500000000000,1.500000000000
151676,mean_1_50,mean,STAGATE_mclust,0.489726535935,0.616005848672,0.614905885616,0.614738965282,0.617277964553,0.616005848672,0.063564884768,0.053337219470,7,7,ok,frozen_canonical,,mean,1.500000000000,1.500000000000
151676,mean_1_50,mean,Leiden_unsupervised,0.305643610058,0.394633116535,0.393157655317,0.384875343907,0.404898538678,0.394633116535,0.070639504919,0.326143981347,7,6,ok,frozen_canonical,,mean,1.500000000000,1.500000000000
151676,mean_2,mean,GraphST,0.503468273747,0.628831551488,0.627765794049,0.626036496957,0.631651676014,0.628831551488,0.062401041872,0.018944914019,7,7,ok,frozen_canonical,,mean,2.000000000000,2.000000000000
151676,mean_2,mean,STAGATE_mclust,0.429956994140,0.566280951196,0.565042894687,0.567596557103,0.564971429950,0.566280951196,0.063225906811,0.048090935587,7,7,ok,frozen_canonical,,mean,2.000000000000,2.000000000000
151676,mean_2,mean,Leiden_unsupervised,0.288657786119,0.386615863223,0.385111956330,0.374896567385,0.399091494360,0.386615863223,0.071431589684,0.326143981347,7,6,ok,frozen_canonical,,mean,2.000000000000,2.000000000000
151676,variance_0_50,variance,GraphST,0.447196744032,0.604273022297,0.603138067164,0.602081275740,0.606480784312,0.604273022297,0.062353870565,0.012532789274,7,7,ok,frozen_canonical,,variance,0.500000000000,0.500000000000
151676,variance_0_50,variance,STAGATE_mclust,0.405194362690,0.557686439797,0.556416908538,0.555502878216,0.559887235338,0.557686439797,0.063057140605,0.052462838823,7,7,ok,frozen_canonical,,variance,0.500000000000,0.500000000000
151676,variance_0_50,variance,Leiden_unsupervised,0.240405668782,0.354133001944,0.352301709862,0.356723856965,0.351579509878,0.354133001944,0.073093383221,0.354124162052,7,7,ok,frozen_canonical,,variance,0.500000000000,0.500000000000
151676,variance_0_67,variance,GraphST,0.519100977529,0.635717042504,0.634671746715,0.633259517328,0.638193716098,0.635717042504,0.062402307939,0.020693675313,7,7,ok,frozen_canonical,,variance,0.670000000000,0.670000000000
151676,variance_0_67,variance,STAGATE_mclust,0.487775202798,0.634731586857,0.633673756377,0.626744865173,0.642924488366,0.634731586857,0.063094696939,0.043136111921,7,7,ok,frozen_canonical,,variance,0.670000000000,0.670000000000
151676,variance_0_67,variance,Leiden_unsupervised,0.254027442606,0.347669417349,0.346084885799,0.340184114840,0.355491539536,0.347669417349,0.071259799830,0.358787525503,7,6,ok,frozen_canonical,,variance,0.670000000000,0.670000000000
151676,variance_0_80,variance,GraphST,0.555737860592,0.646828844960,0.645819479137,0.646725896909,0.646931825791,0.646828844960,0.062428832006,0.014281550568,7,7,ok,frozen_canonical,,variance,0.800000000000,0.800000000000
151676,variance_0_80,variance,STAGATE_mclust,0.330039702474,0.483160978869,0.481657885103,0.475657637824,0.490904839450,0.483160978869,0.064368317961,0.060623724862,7,7,ok,frozen_canonical,,variance,0.800000000000,0.800000000000
151676,variance_0_80,variance,Leiden_unsupervised,0.262210791443,0.369920939883,0.368139837356,0.373833613727,0.366089320531,0.369920939883,0.073067105784,0.352958321189,7,7,ok,frozen_canonical,,variance,0.800000000000,0.800000000000
151676,variance_1_25,variance,GraphST,0.515254083491,0.631833663714,0.630777422169,0.629520622756,0.634163764921,0.631833663714,0.062400205746,0.020110754882,7,7,ok,frozen_canonical,,variance,1.250000000000,1.250000000000
151676,variance_1_25,variance,STAGATE_mclust,0.440966880106,0.588186375384,0.587008800720,0.587883821481,0.588489240865,0.588186375384,0.063250419555,0.051588458175,7,7,ok,frozen_canonical,,variance,1.250000000000,1.250000000000
151676,variance_1_25,variance,Leiden_unsupervised,0.238921124049,0.359395031204,0.357565921967,0.359677686485,0.359112819827,0.359395031204,0.073408302182,0.400757796561,7,7,ok,frozen_canonical,,variance,1.250000000000,1.250000000000
151676,variance_1_50,variance,GraphST,0.551278897350,0.639949357644,0.638932691446,0.647326412846,0.632738548524,0.639949357644,0.062383396899,0.018653453804,7,7,ok,frozen_canonical,,variance,1.500000000000,1.500000000000
151676,variance_1_50,variance,STAGATE_mclust,0.491029284004,0.604750546818,0.603615583394,0.602342011185,0.607178421408,0.604750546818,0.063207396818,0.045759253862,7,7,ok,frozen_canonical,,variance,1.500000000000,1.500000000000
151676,variance_1_50,variance,Leiden_unsupervised,0.278224584127,0.372621612289,0.371090780739,0.363007985915,0.382758290656,0.372621612289,0.071118312876,0.291168755465,7,6,ok,frozen_canonical,,variance,1.500000000000,1.500000000000
151676,variance_2,variance,GraphST,0.546513884993,0.650392125943,0.649395229335,0.651703229170,0.649086287507,0.650392125943,0.062385718705,0.020110754882,7,7,ok,frozen_canonical,,variance,2.000000000000,2.000000000000
151676,variance_2,variance,STAGATE_mclust,0.498005432588,0.623903333312,0.622827968982,0.623663012224,0.624143839681,0.623903333312,0.063385265990,0.046050714078,7,7,ok,frozen_canonical,,variance,2.000000000000,2.000000000000
151676,variance_2,variance,Leiden_unsupervised,0.307922607523,0.392967256032,0.391209150717,0.389806214674,0.396179983966,0.392967256032,0.072780862585,0.306033226465,7,7,ok,frozen_canonical,,variance,2.000000000000,2.000000000000
151676,sparsity_neg_1,sparsity_logit_shift,GraphST,0.140553926331,0.376435461240,0.375590819632,0.264092353757,0.655118423568,0.376435461240,0.062349667976,0.007869425823,7,3,ok,frozen_canonical,,sparsity,1.000000000000,-1.000000000000
151676,sparsity_neg_1,sparsity_logit_shift,STAGATE_mclust,0.099261216939,0.212686140842,0.210332321390,0.203546212017,0.222685489409,0.212686140842,0.065341916014,0.338385310405,7,7,ok,frozen_canonical,,sparsity,1.000000000000,-1.000000000000
151676,sparsity_neg_1,sparsity_logit_shift,Leiden_unsupervised,0.199571239964,0.241093785829,0.237666166758,0.257445842132,0.226694920159,0.241093785829,0.091071585042,0.570679102303,7,11,ok,frozen_canonical,,sparsity,1.000000000000,-1.000000000000
151676,sparsity_neg_0_50,sparsity_logit_shift,GraphST,0.420102997961,0.575239388374,0.574349322031,0.521743583321,0.640958641316,0.575239388374,0.062351951860,0.011366948412,7,5,ok,frozen_canonical,,sparsity,0.500000000000,-0.500000000000
151676,sparsity_neg_0_50,sparsity_logit_shift,STAGATE_mclust,0.204935712054,0.307978193549,0.305936224997,0.298502828115,0.318074832471,0.307978193549,0.064835853714,0.285922471583,7,7,ok,frozen_canonical,,sparsity,0.500000000000,-0.500000000000
151676,sparsity_neg_0_50,sparsity_logit_shift,Leiden_unsupervised,0.215232781710,0.292053396136,0.288873580205,0.312386122480,0.274205769522,0.292053396136,0.086760327118,0.538035558146,7,11,ok,frozen_canonical,,sparsity,0.500000000000,-0.500000000000
151676,sparsity_neg_0_25,sparsity_logit_shift,GraphST,0.496351977155,0.614224029460,0.613277959753,0.595488891462,0.634176343397,0.614224029460,0.062354736682,0.014864471000,7,6,ok,frozen_canonical,,sparsity,0.250000000000,-0.250000000000
151676,sparsity_neg_0_25,sparsity_logit_shift,STAGATE_mclust,0.333986178920,0.464387847524,0.462824876386,0.455375274869,0.473764368445,0.464387847524,0.063554419576,0.145438647625,7,7,ok,frozen_canonical,,sparsity,0.250000000000,-0.250000000000
151676,sparsity_neg_0_25,sparsity_logit_shift,Leiden_unsupervised,0.243021302072,0.326076217098,0.323550879063,0.333638908320,0.318848778106,0.326076217098,0.080416100036,0.427863596619,7,9,ok,frozen_canonical,,sparsity,0.250000000000,-0.250000000000
151676,sparsity_pos_0_25,sparsity_logit_shift,GraphST,0.402683899209,0.542430592343,0.541256361984,0.503666718253,0.587658775925,0.542430592343,0.062365023306,0.015155931215,7,6,ok,frozen_canonical,,sparsity,0.250000000000,0.250000000000
151676,sparsity_pos_0_25,sparsity_logit_shift,STAGATE_mclust,0.476269117492,0.574686715886,0.573443364174,0.563775872230,0.586028212606,0.574686715886,0.063306911910,0.085397843194,7,7,ok,frozen_canonical,,sparsity,0.250000000000,0.250000000000
151676,sparsity_pos_0_25,sparsity_logit_shift,Leiden_unsupervised,0.255128232458,0.344493686282,0.342546325144,0.335717053448,0.353741532089,0.344493686282,0.074681950904,0.389973768581,7,7,ok,frozen_canonical,,sparsity,0.250000000000,0.250000000000
151676,sparsity_pos_0_50,sparsity_logit_shift,GraphST,0.492764015190,0.606943958300,0.605914087874,0.555841081347,0.668394789936,0.606943958300,0.062352726414,0.013990090353,7,6,ok,frozen_canonical,,sparsity,0.500000000000,0.500000000000
151676,sparsity_pos_0_50,sparsity_logit_shift,STAGATE_mclust,0.399860001630,0.581535192090,0.580268721061,0.551443098565,0.615101083819,0.581535192090,0.063639854192,0.074030894783,7,7,ok,frozen_canonical,,sparsity,0.500000000000,0.500000000000
151676,sparsity_pos_0_50,sparsity_logit_shift,Leiden_unsupervised,0.201823195712,0.316500971682,0.313955719719,0.327869815011,0.305894132301,0.316500971682,0.077963217804,0.563684057126,7,9,ok,frozen_canonical,,sparsity,0.500000000000,0.500000000000
151676,sparsity_pos_1,sparsity_logit_shift,GraphST,0.326969915745,0.505452175105,0.504369336128,0.439313234070,0.595035172190,0.505452175105,0.062424694744,0.021568055960,7,5,ok,frozen_canonical,,sparsity,1.000000000000,1.000000000000
151676,sparsity_pos_1,sparsity_logit_shift,STAGATE_mclust,0.410974302216,0.535019377980,0.533669332714,0.527365674609,0.542898510737,0.535019377980,0.063069418440,0.093558729233,7,7,ok,frozen_canonical,,sparsity,1.000000000000,1.000000000000
151676,sparsity_pos_1,sparsity_logit_shift,Leiden_unsupervised,0.134394981927,0.262632803816,0.259634252230,0.280003247797,0.247291674010,0.262632803816,0.081608224375,0.729233459633,7,10,ok,frozen_canonical,,sparsity,1.000000000000,1.000000000000
151508,mean_0_20,mean,GraphST,0.285279660421,0.525755969029,0.524596348307,0.503922676747,0.549566872381,0.525755969029,0.055431538334,0.015296803653,7,7,ok,expanded_extremes,0.200000000000,mean,0.200000000000,0.200000000000
151508,mean_0_20,mean,STAGATE_mclust,0.434800311666,0.589753215038,0.588809592241,0.599040874717,0.580749154162,0.589753215038,0.057569273622,0.060273972603,7,7,ok,expanded_extremes,0.200000000000,mean,0.200000000000,0.200000000000
151508,mean_0_20,mean,Leiden_unsupervised,0.276598219217,0.366014351446,0.364952803932,0.339834455051,0.396564577916,0.366014351446,0.062144897724,0.365753424658,7,5,ok,expanded_extremes,0.200000000000,mean,0.200000000000,0.200000000000
151508,mean_5,mean,GraphST,0.276755888290,0.505241230516,0.504012398661,0.477290595537,0.536669134665,0.505241230516,0.055100554472,0.015753424658,7,7,ok,expanded_extremes,5.000000000000,mean,5.000000000000,5.000000000000
151508,mean_5,mean,STAGATE_mclust,0.261342471043,0.519873298944,0.518690799937,0.494404459045,0.548108667038,0.519873298944,0.055976498941,0.045205479452,7,7,ok,expanded_extremes,5.000000000000,mean,5.000000000000,5.000000000000
151508,mean_5,mean,Leiden_unsupervised,0.268844951496,0.353484509978,0.352000462648,0.360029238814,0.347173477364,0.353484509978,0.065138470827,0.461187214612,7,7,ok,expanded_extremes,5.000000000000,mean,5.000000000000,5.000000000000
151508,variance_0_20,variance,GraphST,0.490964595188,0.587411350705,0.586395671355,0.559805776217,0.617880763803,0.587411350705,0.055138367703,0.014840182648,7,7,ok,expanded_extremes,0.200000000000,variance,0.200000000000,0.200000000000
151508,variance_0_20,variance,STAGATE_mclust,0.500149302066,0.622396975740,0.621509296221,0.619807952751,0.625007718866,0.622396975740,0.056085673907,0.056392694064,7,7,ok,expanded_extremes,0.200000000000,variance,0.200000000000,0.200000000000
151508,variance_0_20,variance,Leiden_unsupervised,0.268969003423,0.358212593009,0.357148147534,0.335725707622,0.383928069351,0.358212593009,0.062083890593,0.331278538813,7,5,ok,expanded_extremes,0.200000000000,variance,0.200000000000,0.200000000000
151508,variance_5,variance,GraphST,0.478132732409,0.626258147927,0.625383087731,0.626263315668,0.626252980270,0.626258147927,0.055082899393,0.010273972603,7,7,ok,expanded_extremes,5.000000000000,variance,5.000000000000,5.000000000000
151508,variance_5,variance,STAGATE_mclust,0.451718140356,0.612279109637,0.611386459069,0.621358099324,0.603461614888,0.612279109637,0.056480902877,0.054794520548,7,7,ok,expanded_extremes,5.000000000000,variance,5.000000000000,5.000000000000
151508,variance_5,variance,Leiden_unsupervised,0.270113153027,0.375660602787,0.374047266377,0.396875708894,0.356598525213,0.375660602787,0.068482002263,0.487671232877,7,8,ok,expanded_extremes,5.000000000000,variance,5.000000000000,5.000000000000
151670,mean_0_20,mean,GraphST,0.354507953273,0.486092684516,0.485166600325,0.545360140777,0.438444384870,0.486092684516,0.060384333161,0.010057471264,5,5,ok,expanded_extremes,0.200000000000,mean,0.200000000000,0.200000000000
151670,mean_0_20,mean,STAGATE_mclust,0.242841329362,0.438503391257,0.437515675831,0.503573052241,0.388325544349,0.438503391257,0.062296506801,0.056896551724,5,5,ok,expanded_extremes,0.200000000000,mean,0.200000000000,0.200000000000
151670,mean_0_20,mean,Leiden_unsupervised,0.208894155747,0.248086048294,0.246787303739,0.289986022561,0.216765657741,0.248086048294,0.069182393370,0.431896551724,5,5,ok,expanded_extremes,0.200000000000,mean,0.200000000000,0.200000000000
151670,mean_5,mean,GraphST,0.339966348162,0.483632629733,0.482713415890,0.548974278292,0.432191096244,0.483632629733,0.060403626101,0.016379310345,5,5,ok,expanded_extremes,5.000000000000,mean,5.000000000000,5.000000000000
151670,mean_5,mean,STAGATE_mclust,0.403635212117,0.535249371665,0.534429068339,0.612539070402,0.475279036220,0.535249371665,0.061535218832,0.040229885057,5,5,ok,expanded_extremes,5.000000000000,mean,5.000000000000,5.000000000000
151670,mean_5,mean,Leiden_unsupervised,0.207056178440,0.245442682603,0.243825469892,0.293201079167,0.211063380064,0.245442682603,0.071564926950,0.448850574713,5,6,ok,expanded_extremes,5.000000000000,mean,5.000000000000,5.000000000000
151670,variance_0_20,variance,GraphST,0.565047878340,0.601718072001,0.600991298129,0.666471496372,0.548433091466,0.601718072001,0.060359750056,0.008045977011,5,5,ok,expanded_extremes,0.200000000000,variance,0.200000000000,0.200000000000
151670,variance_0_20,variance,STAGATE_mclust,0.221866909600,0.435584968219,0.434603314302,0.505738873471,0.382523030791,0.435584968219,0.061242964896,0.052298850575,5,5,ok,expanded_extremes,0.200000000000,variance,0.200000000000,0.200000000000
151670,variance_0_20,variance,Leiden_unsupervised,0.174788555473,0.265925086217,0.264431190381,0.330213122215,0.222589848387,0.265925086217,0.072263527688,0.483333333333,5,6,ok,expanded_extremes,0.200000000000,variance,0.200000000000,0.200000000000
151670,variance_5,variance,GraphST,0.313638904897,0.489084876896,0.488184196946,0.560471548849,0.433828585983,0.489084876896,0.060387044475,0.012356321839,5,5,ok,expanded_extremes,5.000000000000,variance,5.000000000000,5.000000000000
151670,variance_5,variance,STAGATE_mclust,0.376170511644,0.520290385893,0.519398660348,0.567535409862,0.480306791100,0.520290385893,0.061886393699,0.038793103448,5,5,ok,expanded_extremes,5.000000000000,variance,5.000000000000,5.000000000000
151670,variance_5,variance,Leiden_unsupervised,0.236389773332,0.352258583137,0.350666548453,0.438728903323,0.294261710505,0.352258583137,0.072104891982,0.471839080460,5,7,ok,expanded_extremes,5.000000000000,variance,5.000000000000,5.000000000000
151676,mean_0_20,mean,GraphST,0.418790122974,0.594634723981,0.593471367334,0.592550122517,0.596734044555,0.594634723981,0.062401914548,0.025648498980,7,7,ok,expanded_extremes,0.200000000000,mean,0.200000000000,0.200000000000
151676,mean_0_20,mean,STAGATE_mclust,0.452915548678,0.587071855336,0.585867957199,0.576240783501,0.598317890391,0.587071855336,0.064312204784,0.071116292626,7,7,ok,expanded_extremes,0.200000000000,mean,0.200000000000,0.200000000000
151676,mean_0_20,mean,Leiden_unsupervised,0.274977215973,0.365123517067,0.363302150993,0.364282657847,0.365968267113,0.365123517067,0.072983049907,0.391431069659,7,7,ok,expanded_extremes,0.200000000000,mean,0.200000000000,0.200000000000
151676,mean_5,mean,GraphST,0.434077880642,0.594331071673,0.593168635195,0.592684456888,0.595986861303,0.594331071673,0.062356222317,0.014573010784,7,7,ok,expanded_extremes,5.000000000000,mean,5.000000000000,5.000000000000
151676,mean_5,mean,STAGATE_mclust,0.470906868312,0.582022920245,0.580831296494,0.584110091447,0.579950611903,0.582022920245,0.063402324399,0.041970271058,7,7,ok,expanded_extremes,5.000000000000,mean,5.000000000000,5.000000000000
151676,mean_5,mean,Leiden_unsupervised,0.229552010666,0.347319055978,0.345224046555,0.360945297356,0.334684211088,0.347319055978,0.074610616002,0.425240454678,7,8,ok,expanded_extremes,5.000000000000,mean,5.000000000000,5.000000000000
151676,variance_0_20,variance,GraphST,0.448779197919,0.604252412412,0.603117641761,0.602183012651,0.606336084187,0.604252412412,0.062356258952,0.013115709706,7,7,ok,expanded_extremes,0.200000000000,variance,0.200000000000,0.200000000000
151676,variance_0_20,variance,STAGATE_mclust,0.486019865194,0.632906572753,0.631844353735,0.625436031962,0.640557735214,0.632906572753,0.063009299135,0.044301952783,7,7,ok,expanded_extremes,0.200000000000,variance,0.200000000000,0.200000000000
151676,variance_0_20,variance,Leiden_unsupervised,0.205959320716,0.333591593480,0.331693387885,0.334503979181,0.332684171446,0.333591593480,0.072642389337,0.397843194404,7,7,ok,expanded_extremes,0.200000000000,variance,0.200000000000,0.200000000000
151676,variance_5,variance,GraphST,0.543976001847,0.640100713359,0.639087214644,0.649105076632,0.631342748491,0.640100713359,0.062354967503,0.016613232294,7,7,ok,expanded_extremes,5.000000000000,variance,5.000000000000,5.000000000000
151676,variance_5,variance,STAGATE_mclust,0.532578347373,0.652358076335,0.651378658268,0.661250598824,0.643701554049,0.652358076335,0.062902565551,0.057417662489,7,7,ok,expanded_extremes,5.000000000000,variance,5.000000000000,5.000000000000
151676,variance_5,variance,Leiden_unsupervised,0.310836117819,0.406809294121,0.405590772115,0.376285296027,0.442722642991,0.406809294121,0.069671021759,0.254153308073,7,5,ok,expanded_extremes,5.000000000000,variance,5.000000000000,5.000000000000
