age,lower_z_index,upper_z_index,lower_z,upper_z,midpoint_z,shared_regions,gene_mean_pearson,log1p_gene_mean_pearson,region_gene_mean_pearson,log1p_region_gene_mean_pearson,mean_absolute_log1p_gene_change,gene_mean_discontinuity,region_gene_mean_discontinuity
E15.5,0,1,-4.12,-4.1,-4.109999999999999,1,0.9999231946588296,0.9996432495510176,0.9999231946588296,0.9996432495510176,0.0066311597499098,7.680534117038285e-05,7.680534117038285e-05
E15.5,1,2,-4.1,-4.08,-4.09,1,0.9999931420590632,0.9999697539300514,0.9999931420590632,0.9999697539300514,0.0018916557025925,6.8579409367997e-06,6.8579409367997e-06
E15.5,2,3,-4.08,-4.06,-4.07,1,0.999996473232694,0.999983588231689,0.999996473232694,0.999983588231689,0.0013781451499855,3.526767305972456e-06,3.526767305972456e-06
E15.5,3,4,-4.06,-4.04,-4.05,1,0.9999978228699328,0.9999902042633042,0.9999978228699328,0.9999902042633042,0.0010280327426886,2.1771300672268623e-06,2.1771300672268623e-06
E15.5,4,5,-4.04,-4.02,-4.029999999999999,1,0.9999986492532564,0.99999333757134,0.9999986492532564,0.99999333757134,0.0008693898697817,1.350746743566944e-06,1.350746743566944e-06
E15.5,5,6,-4.02,-4.0,-4.01,1,0.9999991535710754,0.9999962238446513,0.9999991535710754,0.9999962238446513,0.0006469869803849,8.464289246168377e-07,8.464289246168377e-07
E15.5,6,7,-4.0,-3.98,-3.99,1,0.9999991352126332,0.999996694197209,0.9999991352126332,0.999996694197209,0.0005845550593532,8.647873668277128e-07,8.647873668277128e-07
E15.5,7,8,-3.98,-3.96,-3.97,1,0.9999995760917876,0.9999979955917884,0.9999995760917876,0.9999979955917884,0.0004569223977984,4.2390821242133114e-07,4.2390821242133114e-07
E15.5,8,9,-3.96,-3.94,-3.95,1,0.9999995476372576,0.9999982585349952,0.9999995476372576,0.9999982585349952,0.0004230803550399,4.523627423758114e-07,4.523627423758114e-07
E15.5,9,10,-3.94,-3.92,-3.93,1,0.999990514319799,0.9999859472684604,0.9999996526214994,0.9999984976648209,0.000806915921602,9.485680200982394e-06,3.47378500631379e-07
E15.5,10,11,-3.92,-3.9,-3.91,2,0.9994303095441952,0.9992984130622224,0.9993729297150716,0.9979873614983646,0.0044705300234018,0.0005696904558047944,0.000627070284928366
E15.5,11,12,-3.9,-3.88,-3.89,2,0.9988612652925356,0.998843486542992,0.9999871424752484,0.9999542357925478,0.0057837640174226,0.001138734707464395,1.2857524751552774e-05
E15.5,12,13,-3.88,-3.86,-3.87,3,0.9986318323561753,0.9987793421247496,0.9994853693217606,0.9976875501468392,0.0058606606148815,0.001368167643824747,0.000514630678239425
E15.5,13,14,-3.86,-3.84,-3.85,3,0.9965203404905474,0.9973870399537864,0.9998456157246116,0.9992029684853876,0.0082787890750347,0.003479659509452615,0.00015438427538838617
E15.5,14,15,-3.84,-3.82,-3.83,3,0.9984240425190476,0.9989469585345494,0.9999826083384568,0.999923310918664,0.0048615249720967,0.0015759574809524057,1.7391661543242343e-05
E15.5,15,16,-3.82,-3.8,-3.81,3,0.9975831045701166,0.9984811043326878,0.9999738358740132,0.9999493142954988,0.0058982559532048,0.0024168954298834366,2.6164125986771758e-05
E15.5,16,17,-3.8,-3.78,-3.79,3,0.9999579583500516,0.9999370225890698,0.9999978091585452,0.9999945099998891,0.0018708512534967,4.204164994836557e-05,2.190841454807746e-06
E15.5,17,18,-3.78,-3.76,-3.77,3,0.9995696500279416,0.99964742588069,0.9999973850780628,0.9999964406689296,0.0030854545322566,0.0004303499720583748,2.614921937205139e-06
E15.5,18,19,-3.76,-3.74,-3.75,3,0.999969297867395,0.9999758113590874,0.9999984075972638,0.9999979741079283,0.0008225205352229,3.070213260503163e-05,1.5924027362279602e-06
E15.5,19,20,-3.74,-3.72,-3.73,3,0.9999934634176194,0.999995838787784,0.999999480394118,0.999998831052504,0.0003528026836612,6.536582380589628e-06,5.196058819878502e-07
E15.5,20,21,-3.72,-3.7,-3.71,3,0.999974655449526,0.9999828196333496,0.9999985178052112,0.999998411347392,0.0006546527014677,2.534455047398243e-05,1.4821947887933007e-06
E15.5,21,22,-3.7,-3.68,-3.69,3,0.999998535470814,0.9999990592340128,0.9999995998287702,0.9999991449177866,0.0001940669257325,1.464529186034902e-06,4.001712298196125e-07
E15.5,22,23,-3.68,-3.66,-3.67,3,0.999995561914394,0.9999973237230508,0.9999997247059396,0.9999993675842244,0.000282720071433,4.438085606017772e-06,2.752940604366927e-07
E15.5,23,24,-3.66,-3.64,-3.65,3,0.9999973222059528,0.999997235385744,0.9999998980421272,0.9999995561120744,0.0003224981476375,2.6777940471678363e-06,1.0195787281119806e-07
E15.5,24,25,-3.64,-3.62,-3.63,3,0.9999948062096016,0.9999956330018884,0.9999998711996376,0.999999610111994,0.0003500241360639,5.193790398427822e-06,1.2880036237561399e-07
E15.5,25,26,-3.62,-3.6,-3.61,3,0.999999251206351,0.9999993104153622,0.9999995548333594,0.9999994815288918,0.0001582699581858,7.487936489747327e-07,4.4516664055027633e-07
E15.5,26,27,-3.6,-3.58,-3.59,3,0.9999960101861612,0.9999967227850484,0.99999973501064,0.9999994860277382,0.0003055469924999,3.989813838756184e-06,2.6498936001040363e-07
E15.5,27,28,-3.58,-3.56,-3.5700000000000003,3,0.9999982429426132,0.9999982383419658,0.999999640409427,0.9999995219193611,0.0002270899182501,1.757057386808647e-06,3.5959057298473596e-07
E15.5,28,29,-3.56,-3.54,-3.55,3,0.999998430791317,0.9999983576089888,0.9999997873447856,0.9999996138758728,0.0002308087658489,1.5692086829943719e-06,2.1265521443769586e-07
E15.5,29,30,-3.54,-3.52,-3.53,3,0.9999966154363956,0.999996686361275,0.999999913286262,0.9999997211614048,0.0003289903705811,3.3845636043805527e-06,8.671373796786952e-08
E15.5,30,31,-3.52,-3.5,-3.51,3,0.9999987950802152,0.9999987225965372,0.9999999425455948,0.9999997599068636,0.0002229808964814,1.204919784836278e-06,5.745440523341472e-08
E15.5,31,32,-3.5,-3.48,-3.49,3,0.999998468619712,0.9999987198092622,0.9999998198277787,0.9999996135909064,0.0001972348682928,1.5313802880223548e-06,1.8017222125354948e-07
E15.5,32,33,-3.48,-3.46,-3.47,3,0.9999989732554287,0.9999991588185236,0.9999995208851754,0.9999994550821392,0.0001859863447058,1.0267445712530687e-06,4.79114824591953e-07
E15.5,33,34,-3.46,-3.44,-3.45,3,0.9999995639739672,0.9999995026434828,0.999999669680014,0.9999995009057924,0.0001616974964775,4.3602603283510177e-07,3.3031998603050283e-07
E15.5,34,35,-3.44,-3.42,-3.43,3,0.999999826376604,0.9999997637083466,0.9999997383921844,0.9999996933306567,0.0001366469893606,1.7362339599369392e-07,2.6160781563255853e-07
E15.5,35,36,-3.42,-3.4,-3.41,3,0.999999798726124,0.9999997497480816,0.9999999013390294,0.9999997379079768,0.0001130425305148,2.0127387601043267e-07,9.866097061550505e-08
E15.5,36,37,-3.4,-3.38,-3.39,3,0.999997659833728,0.999997289544826,0.9999998617031952,0.9999997600617894,0.000255341388514,2.340166271985744e-06,1.3829680478583128e-07
E15.5,37,38,-3.38,-3.36,-3.37,4,0.9999969164093556,0.9999968324480528,0.9999694541950496,0.9998577480062772,0.0002806256890534,3.083590644381573e-06,3.0545804950432576e-05
E15.5,38,39,-3.36,-3.34,-3.35,5,0.999995934391901,0.999995142701966,0.9999038151253684,0.9996542471545506,0.0003480393669049,4.065608098957618e-06,9.618487463158854e-05
E15.5,39,40,-3.34,-3.32,-3.33,6,0.9999954325194158,0.9999944029346346,0.996986010033054,0.992498737050624,0.0003798755506605,4.567480584194428e-06,0.003013989966946018
E15.5,40,41,-3.32,-3.3,-3.31,6,0.9999967823118812,0.999995847510539,0.9996995453761228,0.9993523756487024,0.0003522900419252,3.21768811883949e-06,0.0003004546238771777
E15.5,41,42,-3.3,-3.28,-3.29,6,0.9999935736919212,0.9999937788428752,0.9999762768851786,0.9998829797199352,0.0003706399020658,6.426308078788523e-06,2.3723114821350144e-05
E15.5,42,43,-3.28,-3.26,-3.27,7,0.9999943157260738,0.9999944135090016,0.9984269402122476,0.9973049904233334,0.0003577669410683,5.68427392622084e-06,0.0015730597877523511
E15.5,43,44,-3.26,-3.24,-3.25,7,0.9999984463223476,0.9999975429424202,0.9998061868283744,0.9995501795479326,0.0002485803508289,1.5536776524216478e-06,0.00019381317162558975
E15.5,44,45,-3.24,-3.22,-3.2300000000000004,8,0.9999985081935512,0.999997354320285,0.9997740049333376,0.999290694008839,0.0002889271382297,1.491806448816746e-06,0.0002259950666624322
E15.5,45,46,-3.22,-3.2,-3.21,8,0.9999980449105538,0.9999967451268466,0.9999323155792068,0.9997583587517443,0.0003576311009543,1.9550894462261326e-06,6.768442079319037e-05
E15.5,46,47,-3.2,-3.18,-3.1900000000000004,8,0.9999970607571996,0.9999958884188032,0.9999724915614292,0.9999029733318958,0.0003509877061037,2.9392428003705007e-06,2.750843857080021e-05
E15.5,47,48,-3.18,-3.16,-3.17,8,0.999996900800328,0.999994744702495,0.9999876403765816,0.9999542132205536,0.0004198037359693,3.0991996720075576e-06,1.2359623418389809e-05
E15.5,48,49,-3.16,-3.14,-3.1500000000000004,8,0.9999942110023128,0.9999910510676095,0.9999886259412522,0.9999683999000248,0.0005721987940416,5.78899768721719e-06,1.1374058747848359e-05
E15.5,49,50,-3.14,-3.12,-3.13,8,0.999995429725278,0.99999409601454,0.9999516849688688,0.9999614570450572,0.0005149433749347,4.5702747220044415e-06,4.83150311312297e-05
E15.5,50,51,-3.12,-3.1,-3.1100000000000003,8,0.9999902526692754,0.999985883910984,0.9999933047526698,0.9999804059472156,0.0006757300526541,9.747330724563241e-06,6.695247330212872e-06
E15.5,51,52,-3.1,-3.08,-3.09,8,0.9999817102498696,0.9999617807398202,0.999952459068232,0.9999618198828928,0.0009780956265925,1.82897501304069e-05,4.7540931767953154e-05
E15.5,52,53,-3.08,-3.06,-3.0700000000000003,8,0.9999798594997402,0.9999591577822484,0.9999624720660718,0.9999766299682022,0.0010794886345587,2.014050025977987e-05,3.75279339281942e-05
E15.5,53,54,-3.06,-3.04,-3.05,8,0.9999524031401874,0.9998898764120604,0.9999960984625552,0.999991919553274,0.0016304003730009,4.7596859812593095e-05,3.90153744478372e-06
E15.5,54,55,-3.04,-3.02,-3.03,8,0.9999636264517584,0.9999144314756372,0.9999876528696976,0.999985543206065,0.0014818342379964,3.637354824159722e-05,1.2347130302403642e-05
E15.5,55,56,-3.02,-3.0,-3.01,8,0.9999531820642684,0.9998913992995884,0.9999965262774548,0.9999911233829568,0.0016070684224441,4.681793573158011e-05,3.4737225451664244e-06
E15.5,56,57,-3.0,-2.98,-2.99,8,0.9999600091581248,0.9999062284737718,0.9999907029977444,0.9999894961885922,0.0014999084760049,3.9990841875225946e-05,9.297002255603815e-06
E15.5,57,58,-2.98,-2.96,-2.97,8,0.9999831319396718,0.9999662702158292,0.999989031705151,0.9999896743038564,0.001065083145071,1.6868060328190104e-05,1.0968294849034166e-05
E15.5,58,59,-2.96,-2.94,-2.95,8,0.9999829193175604,0.9999686763672072,0.9999602907427122,0.9999545934726612,0.0010253426558458,1.7080682439551964e-05,3.970925728780106e-05
E15.5,59,60,-2.94,-2.92,-2.93,8,0.999981108644877,0.999966577671573,0.9999935590958956,0.9999891623261994,0.0010693071768535,1.8891355123007436e-05,6.4409041043989035e-06
E15.5,60,61,-2.92,-2.9,-2.91,8,0.9999720634711164,0.9999565916070198,0.9999895031962394,0.9999859007525852,0.0012162774897463,2.7936528883554246e-05,1.0496803760640105e-05
E15.5,61,62,-2.9,-2.88,-2.89,8,0.9999719015732854,0.999958216078932,0.999995484065179,0.9999921926095706,0.0011977323301055,2.8098426714584512e-05,4.515934820981116e-06
E15.5,62,63,-2.88,-2.86,-2.87,8,0.9999557851545096,0.9999324782500476,0.9999910728542278,0.999986130830386,0.0014902807515913,4.42148454904423e-05,8.927145772164025e-06
E15.5,63,64,-2.86,-2.84,-2.85,8,0.999963889325542,0.9999441287388364,0.9999940437218752,0.9999919143917216,0.0013666591493544,3.611067445796756e-05,5.956278124830128e-06
E15.5,64,65,-2.84,-2.82,-2.83,8,0.9999779936972624,0.999966951144114,0.9999941748321356,0.9999923374524456,0.0010410438673805,2.20063027376316e-05,5.825167864403902e-06
E15.5,65,66,-2.82,-2.8,-2.81,8,0.9999796715523992,0.9999739082926816,0.999997576712206,0.9999947255112264,0.0009342667301804,2.0328447600803656e-05,2.4232877939844855e-06
E15.5,66,67,-2.8,-2.78,-2.79,8,0.9999785932678104,0.9999738335558358,0.9999962365644224,0.9999931689448832,0.0009012807887692,2.140673218964384e-05,3.7634355776194894e-06
E15.5,67,68,-2.78,-2.76,-2.77,8,0.999983585092588,0.9999809295946126,0.999997877788434,0.9999949844055968,0.000808184200441,1.6414907411999025e-05,2.1222115660357588e-06
E15.5,68,69,-2.76,-2.74,-2.75,8,0.9999885516926597,0.9999864236111792,0.999997930081884,0.9999942282226068,0.0006810460585159,1.1448307340344854e-05,2.0699181160210856e-06
E15.5,69,70,-2.74,-2.72,-2.7300000000000004,8,0.9999833922931006,0.9999816284228906,0.999997569534532,0.9999933330049048,0.000739250048245,1.6607706899374186e-05,2.430465467995191e-06
E15.5,70,71,-2.72,-2.7,-2.71,8,0.999986670845986,0.9999861417080076,0.9999978377825416,0.9999925065860348,0.0006556265478052,1.3329154013974609e-05,2.1622174584123854e-06
E15.5,71,72,-2.7,-2.68,-2.6900000000000004,8,0.9999725260850588,0.999976796174922,0.999998353930182,0.9999939708025192,0.0008013803626608,2.7473914941178457e-05,1.6460698180065236e-06
E15.5,72,73,-2.68,-2.66,-2.67,8,0.9999745511428688,0.9999793730713152,0.9999979084748668,0.9999923076014412,0.0007604717613277,2.5448857131182834e-05,2.091525133196548e-06
E15.5,73,74,-2.66,-2.64,-2.6500000000000004,8,0.9999631452288624,0.9999730569619816,0.9999969584329323,0.9999891119566916,0.0008534118946822,3.6854771137573294e-05,3.041567067652018e-06
E15.5,74,75,-2.64,-2.62,-2.63,8,0.9999666561990675,0.9999733703618622,0.9999978065309312,0.9999911507784744,0.0008460968514229,3.3343800932450485e-05,2.1934690688230063e-06
E15.5,75,76,-2.62,-2.6,-2.6100000000000003,8,0.9999750267924606,0.9999797528543252,0.9999971392447518,0.999989155258259,0.0007295352248931,2.4973207539358278e-05,2.8607552482462495e-06
E15.5,76,77,-2.6,-2.58,-2.59,8,0.9999704184370476,0.9999754116912478,0.9999938548779846,0.9999840763957348,0.0008202479979235,2.958156295240766e-05,6.14512201535522e-06
E15.5,77,78,-2.58,-2.56,-2.5700000000000003,8,0.9999742761936016,0.9999800478012982,0.999995929613357,0.9999843912629076,0.0007479510863909,2.572380639842553e-05,4.0703866429625535e-06
E15.5,78,79,-2.56,-2.54,-2.55,8,0.9999746017934324,0.9999744012374226,0.9999939934302424,0.999978740029692,0.0008193526479478,2.5398206567550652e-05,6.006569757577296e-06
E15.5,79,80,-2.54,-2.52,-2.53,8,0.999963360883607,0.999971178291512,0.9999953200870516,0.9999837903639738,0.0008400501664509,3.6639116392955806e-05,4.679912948390985e-06
E15.5,80,81,-2.52,-2.5,-2.51,8,0.99994455123414,0.9999624726568048,0.9999709284255728,0.9999676431645756,0.0009771120808438,5.5448765859944515e-05,2.9071574427219637e-05
E15.5,81,82,-2.5,-2.48,-2.49,8,0.9999156106485988,0.9999425230096606,0.999962042573554,0.9999697090739792,0.0010999238359774,8.438935140120396e-05,3.7957426445967e-05
E15.5,82,83,-2.48,-2.46,-2.47,8,0.9999115525449614,0.9999433683122686,0.9999529160626642,0.9999233477447949,0.0011555070776718,8.844745503855389e-05,4.708393733576788e-05
E15.5,83,84,-2.46,-2.44,-2.45,7,0.9999161442492474,0.9999402284161456,0.9999215136915182,0.9997909938067812,0.0012414019101022,8.385575075264828e-05,7.84863084818399e-05
E15.5,84,85,-2.44,-2.42,-2.43,7,0.9999653566611746,0.9999730708556996,0.997838202800506,0.9952655522426628,0.0008416453990565,3.464333882541304e-05,0.0021617971994940532
E15.5,85,86,-2.42,-2.4,-2.41,6,0.9999627145538476,0.9999710284143222,0.9999991742268768,0.9999981508790192,0.0008544263920637,3.728544615244633e-05,8.257731232141907e-07
E15.5,86,87,-2.4,-2.38,-2.39,6,0.9999607100244486,0.9999665615831193,0.9999987404005948,0.9999983519287108,0.0009469006823112,3.9289975551359824e-05,1.259599405223355e-06
E15.5,87,88,-2.38,-2.36,-2.37,6,0.9999543445732892,0.9999661876265372,0.9999990247118496,0.9999979953893128,0.0008788299204897,4.565542671075562e-05,9.752881503510835e-07
E15.5,88,89,-2.36,-2.34,-2.35,6,0.9999660698765908,0.999969538013316,0.9999984935756426,0.9999976584602602,0.0009084179220867,3.393012340924262e-05,1.506424357367031e-06
E15.5,89,90,-2.34,-2.32,-2.33,6,0.9999492535792768,0.999952382528597,0.9999988788291658,0.999998922005074,0.0010979371928149,5.074642072322444e-05,1.1211708341729576e-06
E15.5,90,91,-2.32,-2.3,-2.31,6,0.9999586758861122,0.9999673781100508,0.9999990401967184,0.999997940439998,0.0009167637917953,4.132411388779733e-05,9.59803281630478e-07
E15.5,91,92,-2.3,-2.28,-2.29,6,0.9999462230820344,0.9999484504645316,0.9999980922015764,0.9999975711779744,0.0011440236684771,5.3776917965597804e-05,1.907798423572693e-06
E15.5,92,93,-2.28,-2.26,-2.27,6,0.9999450516846136,0.9999525779170326,0.9999988769422896,0.999997660038394,0.0011279449102112,5.4948315386438296e-05,1.1230577103837902e-06
E15.5,93,94,-2.26,-2.24,-2.25,6,0.9999275491282312,0.9999356806399454,0.9999983979876672,0.9999980027011772,0.0013011934074819,7.245087176876996e-05,1.602012332790892e-06
E15.5,94,95,-2.24,-2.22,-2.2300000000000004,6,0.9999414154830284,0.999948142958584,0.9999982434278052,0.9999978373610244,0.001133599145802,5.858451697160483e-05,1.756572194810957e-06
E15.5,95,96,-2.22,-2.2,-2.21,6,0.9999166109383996,0.9999284269557022,0.9999979454879544,0.9999976872262636,0.0013699699333412,8.338906160043624e-05,2.0545120456016974e-06
E15.5,96,97,-2.2,-2.18,-2.1900000000000004,6,0.9999480936132084,0.9999525662975164,0.9999991004718,0.9999977587672512,0.0011048736550183,5.190638679164472e-05,8.995282000379135e-07
E15.5,97,98,-2.18,-2.16,-2.17,6,0.999919648399266,0.999931351606054,0.9999992443919936,0.999997630881118,0.0013064254080797,8.035160073405212e-05,7.556080063864101e-07
E15.5,98,99,-2.16,-2.14,-2.1500000000000004,6,0.9999197601369568,0.9999300566942084,0.9999992032121198,0.9999973454455752,0.0013248093451489,8.023986304317443e-05,7.967878802306316e-07
E15.5,99,100,-2.14,-2.12,-2.13,6,0.999953931393476,0.999948466437116,0.9999959179936272,0.9999958689102324,0.0011712022955843,4.6068606524007905e-05,4.082006372807534e-06
E15.5,100,101,-2.12,-2.1,-2.1100000000000003,6,0.9999395241030274,0.99993695796403,0.9999971129839468,0.9999961733262056,0.001283689099225,6.0475896972556065e-05,2.8870160532212807e-06
E15.5,101,102,-2.1,-2.08,-2.09,6,0.9999301691399156,0.9999237173211452,0.999998996105619,0.9999961289054188,0.0013525717528752,6.983086008438555e-05,1.003894380957604e-06
E15.5,102,103,-2.08,-2.06,-2.0700000000000003,6,0.9999346347981688,0.9999296571341924,0.9999990859909432,0.99999707741015,0.0012405273272778,6.536520183120231e-05,9.140090567738568e-07
E15.5,103,104,-2.06,-2.04,-2.05,6,0.9999464527029958,0.9999340353427087,0.999998200107991,0.9999964618630472,0.0012368384659671,5.3547297004241656e-05,1.7998920089912218e-06
E15.5,104,105,-2.04,-2.02,-2.03,6,0.9999316237618484,0.9999117451805092,0.999996327798086,0.9999937219704452,0.0013249772004059,6.837623815159066e-05,3.672201913995643e-06
E15.5,105,106,-2.02,-2.0,-2.01,6,0.9999375626398096,0.9999140951468048,0.9999833077874692,0.9999781796073244,0.0013936540205096,6.24373601904038e-05,1.669221253075559e-05
E15.5,106,107,-2.0,-1.98,-1.99,6,0.999930729701788,0.9999057780317048,0.999995033648194,0.999990530515633,0.0014135083365108,6.92702982120208e-05,4.966351806023894e-06
E15.5,107,108,-1.98,-1.96,-1.97,6,0.9999608839906526,0.9999313842158376,0.9999885006677744,0.999962874505632,0.0012334820386431,3.9116009347361924e-05,1.1499332225550774e-05
E15.5,108,109,-1.96,-1.94,-1.95,6,0.9999764601317108,0.9999481376021672,0.9999566065898255,0.9998637312617312,0.0010147732563968,2.3539868289179644e-05,4.339341017445264e-05
E15.5,109,110,-1.94,-1.92,-1.93,5,0.9999736239516864,0.9999475035119412,0.9999591200648408,0.9998735647100404,0.0010406017499895,2.637604831356999e-05,4.08799351592215e-05
E15.5,110,111,-1.92,-1.9,-1.91,4,0.999991416675154,0.9999913815243394,0.9999893075564312,0.9999620001599686,0.0005590577672371,8.583324845989893e-06,1.0692443568771637e-05
E15.5,111,112,-1.9,-1.88,-1.89,4,0.9999984898675944,0.9999984361498347,0.999927231854572,0.9997719609302136,0.0002540208449927,1.5101324055688536e-06,7.27681454280038e-05
E15.5,112,113,-1.88,-1.86,-1.87,3,0.9999959492391868,0.9999971377357504,0.999999651057666,0.9999997674333064,0.0003239651110741,4.05076081322342e-06,3.489423340274911e-07
E15.5,113,114,-1.86,-1.84,-1.85,3,0.9999987910505508,0.9999989826264504,0.9999998806312652,0.9999998611625688,0.0001855207190459,1.2089494492162345e-06,1.193687347855743e-07
E15.5,114,115,-1.84,-1.82,-1.83,3,0.9999959475441348,0.9999969257314872,0.9999999314906272,0.9999998826706744,0.0003089010498365,4.05245586521108e-06,6.850937284141878e-08
E15.5,115,116,-1.82,-1.8,-1.81,3,0.9999994452347344,0.9999996427015696,0.9999999583918804,0.9999998937464468,0.000136540670204,5.547652656145985e-07,4.160811961639865e-08
E15.5,116,117,-1.8,-1.78,-1.79,3,0.999999160295648,0.999999329824254,0.9999999635934408,0.9999998997800672,0.0001615194618957,8.397043520513847e-07,3.640655921177682e-08
E15.5,117,118,-1.78,-1.76,-1.77,3,0.9999955282306972,0.9999969810414258,0.999999516548008,0.999999696351145,0.0003359108387725,4.4717693028495376e-06,4.834519919949543e-07
E15.5,118,119,-1.76,-1.74,-1.75,3,0.9999887611976946,0.9999923124280508,0.9999997675311544,0.9999998379241426,0.000483220786297,1.1238802305357787e-05,2.3246884561789471e-07
E15.5,119,120,-1.74,-1.72,-1.73,3,0.9999982084288708,0.9999988039545168,0.9999999177547344,0.9999998796008246,0.0002170709079299,1.791571129228231e-06,8.224526559796885e-08
E15.5,120,121,-1.72,-1.7,-1.71,3,0.9999907914646782,0.999993439544947,0.999999850212728,0.9999998785856166,0.0004566700572425,9.208535321825195e-06,1.497872720301885e-07
E15.5,121,122,-1.7,-1.68,-1.69,3,0.999995734356498,0.9999972558534806,0.9999995686341075,0.9999997434646812,0.0003083583016087,4.265643501977223e-06,4.3136589245040824e-07
E15.5,122,123,-1.68,-1.66,-1.67,3,0.999995899220678,0.9999974044584016,0.999999737287704,0.999999809116236,0.0002996392950409,4.100779322002701e-06,2.627122960285888e-07
E15.5,123,124,-1.66,-1.64,-1.65,3,0.999999280068166,0.999999430020452,0.9999995489988812,0.999999698713998,0.0001551919745459,7.199318340367356e-07,4.510011187841556e-07
E15.5,124,125,-1.64,-1.62,-1.63,3,0.9999980788461376,0.9999986519575076,0.9999988715280348,0.9999994381692268,0.000224291643811,1.9211538624386293e-06,1.128471965206046e-06
E15.5,125,126,-1.62,-1.6,-1.61,3,0.9999929724689204,0.9999952049736072,0.9999992074885556,0.9999995804066748,0.0003989507253162,7.0275310796175106e-06,7.925114443585457e-07
E15.5,126,127,-1.6,-1.58,-1.59,3,0.999997825749621,0.9999984607372072,0.9999989997988862,0.9999994055375704,0.0002539197115975,2.17425037896124e-06,1.000201113821042e-06
E15.5,127,128,-1.58,-1.56,-1.57,3,0.9999996937124378,0.999999739164962,0.9999998136310624,0.9999997597896904,0.0001239862923434,3.062875622017458e-07,1.8636893761581064e-07
E15.5,128,129,-1.56,-1.54,-1.55,3,0.999999577428513,0.9999997062845628,0.9999996337948458,0.9999996307100956,0.0001491155545431,4.225714870242925e-07,3.662051542008271e-07
E15.5,129,130,-1.54,-1.52,-1.53,3,0.9999961934045134,0.999997371465193,0.9999996872165062,0.9999996483509984,0.0003163683527343,3.806595486599562e-06,3.1278349377217296e-07
E15.5,130,131,-1.52,-1.5,-1.51,3,0.9999944105655952,0.999995970439466,0.9999999033704184,0.9999997679560462,0.0003756603399482,5.58943440476245e-06,9.662958155853829e-08
E15.5,131,132,-1.5,-1.48,-1.49,3,0.9999899146437848,0.999992691302673,0.999999006327468,0.9999994555748688,0.0004899140668689,1.008535621516149e-05,9.936725320347506e-07
E15.5,132,133,-1.48,-1.46,-1.47,3,0.999966926398496,0.999974939652202,0.9999990731694464,0.9999994673725467,0.0008713378673495,3.307360150395233e-05,9.268305536380694e-07
E15.5,133,134,-1.46,-1.44,-1.45,3,0.9998949392382352,0.9999145459252226,0.9999978754155164,0.9999991230495886,0.0015754182045893,0.00010506076176475254,2.1245844835648953e-06
E15.5,134,135,-1.44,-1.42,-1.43,3,0.99995663847716,0.99996575871729,0.9999990043738904,0.9999994166531704,0.0010172828773597,4.3361522840013045e-05,9.956261095567243e-07
E15.5,135,136,-1.42,-1.4,-1.41,3,0.9999540070040326,0.9999602002067324,0.9999980438043558,0.9999990562782288,0.0010847015667459,4.599299596741435e-05,1.9561956442482042e-06
E15.5,136,137,-1.4,-1.38,-1.39,3,0.9999876016980774,0.9999884744188304,0.999999696962094,0.9999995035472312,0.0006024047415367,1.2398301922567079e-05,3.030379059909549e-07
E15.5,137,138,-1.38,-1.36,-1.37,3,0.9999955060920568,0.9999958724038251,0.9999997236762088,0.9999995464065908,0.0003876712434123,4.493907943214914e-06,2.763237911818095e-07
E15.5,138,139,-1.36,-1.34,-1.35,3,0.9999815233427592,0.999982121874613,0.9999995711016,0.9999994888609548,0.0007565120182244,1.8476657240751315e-05,4.2889840001780755e-07
E15.5,139,140,-1.34,-1.32,-1.33,3,0.9999986320785282,0.9999985503941604,0.9999993585088176,0.999999358494812,0.0002595741762039,1.3679214717621235e-06,6.414911823959812e-07
E15.5,140,141,-1.32,-1.3,-1.31,3,0.999972232253832,0.999975134094543,0.999999181851534,0.9999992612652346,0.0009146550586742,2.7767746167972618e-05,8.181484659752769e-07
E15.5,141,142,-1.3,-1.28,-1.29,3,0.9999627877647774,0.9999662641610576,0.9999990707477062,0.9999990559098588,0.0010750621175744,3.721223522257233e-05,9.292522937798253e-07
E15.5,142,143,-1.28,-1.26,-1.27,3,0.999914919263738,0.9999246587477464,0.9999985995041848,0.999998764716564,0.0015631083663618,8.508073626201096e-05,1.400495815206959e-06
E15.5,143,144,-1.26,-1.24,-1.25,3,0.9999001050191236,0.9998940063912816,0.9999986456459132,0.9999987299870609,0.0017966234188149,9.989498087636939e-05,1.354354086768872e-06
E15.5,144,145,-1.24,-1.22,-1.23,3,0.9997809493685198,0.9997471632913424,0.9999979865355666,0.9999982836318138,0.0027602778117404,0.00021905063148019988,2.0134644334035556e-06
E15.5,145,146,-1.22,-1.2,-1.21,3,0.9997503993225832,0.999679401226384,0.9999991084023184,0.9999979885517164,0.0030422732870213,0.0002496006774167503,8.915976815737636e-07
E15.5,146,147,-1.2,-1.18,-1.19,3,0.9997061334046256,0.9996111172792218,0.9999988215296882,0.9999972156513016,0.0033225071378052,0.0002938665953744479,1.1784703117800888e-06
E15.5,147,148,-1.18,-1.16,-1.17,3,0.999608884928794,0.999447669276576,0.9999976538123236,0.9999948314668432,0.0040424925653618,0.0003911150712060385,2.346187676360856e-06
E15.5,148,149,-1.16,-1.14,-1.15,3,0.999546623516346,0.9993615846040018,0.9999950423782628,0.9999825604367876,0.004426605359489,0.00045337648365395555,4.957621737244899e-06
E15.5,149,150,-1.14,-1.12,-1.13,3,0.9995681619379426,0.999262988657705,0.9997839793472658,0.9993416515612442,0.0046686491134861,0.00043183806205737696,0.00021602065273418347
E15.5,150,151,-1.12,-1.1,-1.11,2,0.9994642940053214,0.99938469114876,0.9999973168938396,0.9999963579466816,0.0040366065493739,0.0005357059946785592,2.6831061603616035e-06
E15.5,151,152,-1.1,-1.08,-1.09,2,0.9996781240214512,0.9996020564530648,0.9999977235149026,0.9999887253501528,0.0030765564480202,0.00032187597854882455,2.2764850974299478e-06
E15.5,152,153,-1.08,-1.06,-1.07,1,0.9993321544181514,0.9990551382648192,0.999999545295537,0.9999989677195672,0.0046030253077871,0.0006678455818486251,4.5470446297102285e-07
E15.5,153,154,-1.06,-1.04,-1.05,1,0.9999996927190272,0.999998928121856,0.9999996927190272,0.999998928121856,0.0003854021296418,3.072809727777681e-07,3.072809727777681e-07
E15.5,154,155,-1.04,-1.02,-1.03,1,0.9999996405089676,0.9999974942553804,0.9999996405089676,0.9999974942553804,0.0005982798541817,3.594910323867495e-07,3.594910323867495e-07
E15.5,155,156,-1.02,-1.0,-1.01,1,0.9999972328272324,0.9999870419892068,0.9999972328272324,0.9999870419892068,0.0012089704669648,2.7671727675926405e-06,2.7671727675926405e-06
E15.5,156,157,-1.0,-0.98,-0.99,1,0.9999848616529384,0.9999164591479086,0.9999848616529384,0.9999164591479086,0.0031650181069304,1.51383470615718e-05,1.51383470615718e-05
E18.5,0,1,-5.56,-5.54,-5.55,1,0.9999773492010766,0.9999586981706692,0.9999925445365738,0.9999726187222996,0.0019184699764839,2.265079892338484e-05,7.455463426175868e-06
E18.5,1,2,-5.54,-5.52,-5.529999999999999,2,0.9993842765435176,0.9993084208303148,0.9995996212412304,0.998102481527975,0.0046426707783028,0.0006157234564824199,0.00040037875876963724
E18.5,2,3,-5.52,-5.5,-5.51,2,0.9999749137133418,0.9999721849552796,0.99999756634049,0.999986183045912,0.0010276927675844,2.508628665820467e-05,2.433659510026054e-06
E18.5,3,4,-5.5,-5.48,-5.49,2,0.9997942952330182,0.9997902637447884,0.9999877040294134,0.9999850186350436,0.0026233215157786,0.00020570476698178464,1.2295970586606586e-05
E18.5,4,5,-5.48,-5.46,-5.470000000000001,2,0.999575188191615,0.9995911946254964,0.999984964513814,0.9999927833801878,0.0038835712419408,0.0004248118083850505,1.5035486185976943e-05
E18.5,5,6,-5.46,-5.44,-5.45,3,0.9997184453070334,0.9997499019038084,0.9999023810655884,0.9994861037309224,0.003102714132018,0.0002815546929666457,9.761893441162517e-05
E18.5,6,7,-5.44,-5.42,-5.43,3,0.999895332098332,0.9999149849432578,0.9999911961915636,0.9999421836444388,0.0016750392203993,0.00010466790166796525,8.803808436375071e-06
E18.5,7,8,-5.42,-5.4,-5.41,3,0.9999959227363208,0.9999950404741448,0.9999954400422172,0.9999842448198024,0.0005163608103157,4.0772636792363315e-06,4.559957782812596e-06
E18.5,8,9,-5.4,-5.38,-5.390000000000001,3,0.9999916645322908,0.9999927810489114,0.999998716424914,0.9999920072769032,0.0005273705992912,8.335467709175148e-06,1.2835750859974127e-06
E18.5,9,10,-5.38,-5.36,-5.37,3,0.9999832589554504,0.9999881067070072,0.9999973647638136,0.99999374118706,0.0006560368317343,1.6741044549628548e-05,2.6352361863768436e-06
E18.5,10,11,-5.36,-5.34,-5.35,3,0.9998629195480504,0.9998719298725016,0.999990135833162,0.999992024732868,0.0020345595442937,0.0001370804519496005,9.864166838013944e-06
E18.5,11,12,-5.34,-5.32,-5.33,3,0.9999750986444372,0.9999775611027386,0.999997111366274,0.9999961339743118,0.0009003853339576,2.4901355562767513e-05,2.8886337259947936e-06
E18.5,12,13,-5.32,-5.3,-5.3100000000000005,3,0.9999938867042264,0.999994563573786,0.9999996836855454,0.999998388419747,0.0004414507237252,6.11329577360209e-06,3.163144546292074e-07
E18.5,13,14,-5.3,-5.28,-5.29,3,0.9999983143936704,0.9999985485678612,0.9999998068794084,0.9999989669896762,0.0002408024766249,1.6856063296266655e-06,1.9312059162945872e-07
E18.5,14,15,-5.28,-5.26,-5.27,3,0.9999968080151084,0.9999970188568552,0.999999858381492,0.9999991182808972,0.0003287253977481,3.1919848916261984e-06,1.416185080316268e-07
E18.5,15,16,-5.26,-5.24,-5.25,3,0.9999989245134148,0.9999989305134313,0.9999997649336778,0.9999991250289288,0.0002097267091968,1.0754865852335982e-06,2.350663221850624e-07
E18.5,16,17,-5.24,-5.22,-5.23,3,0.9999991158474526,0.9999991046142924,0.9999998920376386,0.9999993528678952,0.0001921252336535,8.841525473979317e-07,1.0796236138421733e-07
E18.5,17,18,-5.22,-5.2,-5.21,3,0.9999991917244384,0.99999918896143,0.9999997963391718,0.9999993704496,0.0001838196286168,8.082755615923531e-07,2.0366082820189035e-07
E18.5,18,19,-5.2,-5.18,-5.19,3,0.9999997098697412,0.9999995822900531,0.9999998362436058,0.9999994443336896,0.0001414735002635,2.9013025881763355e-07,1.6375639422250288e-07
E18.5,19,20,-5.18,-5.16,-5.17,3,0.9999991870420092,0.9999990673143606,0.999999877940152,0.9999994343039968,0.0002073616884461,8.12957990814489e-07,1.220598480067281e-07
E18.5,20,21,-5.16,-5.14,-5.15,3,0.9999993861536958,0.9999992386613852,0.9999999217298796,0.9999995833759842,0.0001918142152195,6.138463042315578e-07,7.827012038497116e-08
E18.5,21,22,-5.14,-5.12,-5.13,3,0.9999979586033052,0.9999979852015696,0.9999996316328514,0.9999993427175532,0.0002732474225197,2.0413966947963047e-06,3.6836714856214314e-07
E18.5,22,23,-5.12,-5.1,-5.109999999999999,3,0.9999968855631716,0.9999962558169084,0.9999998780022806,0.9999996207434262,0.0003807990823389,3.1144368284330426e-06,1.2199771937115855e-07
E18.5,23,24,-5.1,-5.08,-5.09,3,0.9999976185238828,0.999997378042126,0.9999999112750532,0.9999996162328372,0.0003270340157764,2.381476117196968e-06,8.872494683398457e-08
E18.5,24,25,-5.08,-5.06,-5.07,3,0.9999978876662144,0.9999971152709544,0.9999998710499144,0.9999995503381618,0.0003609669833779,2.112333785553311e-06,1.28950085609425e-07
E18.5,25,26,-5.06,-5.04,-5.05,3,0.999997970985049,0.999997533755934,0.9999999538679176,0.9999997025164906,0.0003192803476804,2.029014951054897e-06,4.613208237636002e-08
E18.5,26,27,-5.04,-5.02,-5.029999999999999,3,0.9999993473645368,0.9999991222822944,0.9999998162009134,0.9999995092253352,0.0002053039733428,6.526354632274689e-07,1.837990866171424e-07
E18.5,27,28,-5.02,-5.0,-5.01,3,0.9999973925061484,0.999996272073257,0.9999999086593636,0.9999996447587508,0.0003873916528549,2.6074938516140733e-06,9.134063638782663e-08
E18.5,28,29,-5.0,-4.98,-4.99,3,0.9999978424547196,0.9999974768436238,0.9999995588191166,0.9999991465763162,0.0003011346837252,2.1575452804345474e-06,4.4118088338152006e-07
E18.5,29,30,-4.98,-4.96,-4.970000000000001,3,0.9999982821322618,0.9999980349600728,0.9999999438040345,0.9999998054416848,0.0002624495388098,1.717867738171286e-06,5.619596554762296e-08
E18.5,30,31,-4.96,-4.94,-4.95,3,0.9999983751404022,0.99999778931554,0.9999999229594748,0.9999997812764136,0.000292353848766,1.6248595977597091e-06,7.704052518153759e-08
E18.5,31,32,-4.94,-4.92,-4.93,3,0.9999986443332952,0.999998208147874,0.9999998969946244,0.999999699900706,0.0002653844699662,1.3556667047831539e-06,1.0300537556240386e-07
E18.5,32,33,-4.92,-4.9,-4.91,3,0.9999987936471596,0.9999984584200188,0.9999999478571548,0.999999830316355,0.0002433901253879,1.2063528403993828e-06,5.2142845152758355e-08
E18.5,33,34,-4.9,-4.88,-4.890000000000001,3,0.9999938427555292,0.9999927225846252,0.9999999080550332,0.9999997669364712,0.000530332324237,6.157244470839096e-06,9.19449667513561e-08
E18.5,34,35,-4.88,-4.86,-4.87,5,0.9999918677454248,0.9999902626168682,0.9999672301436784,0.9998577400453604,0.0006268967078783,8.132254575188291e-06,3.276985632161278e-05
E18.5,35,36,-4.86,-4.84,-4.85,5,0.9999938422061286,0.999992995395376,0.9999634866353342,0.9999424677045944,0.0005332303937663,6.15779387136417e-06,3.651336466581334e-05
E18.5,36,37,-4.84,-4.82,-4.83,6,0.9999955303359052,0.999994615174222,0.993591281807395,0.9924538541857928,0.0004669279286289,4.469664094841619e-06,0.006408718192605023
E18.5,37,38,-4.82,-4.8,-4.8100000000000005,6,0.9999947185882068,0.999993434456908,0.999745605613482,0.9991522515640564,0.0005237066527469,5.28141179323427e-06,0.0002543943865179754
E18.5,38,39,-4.8,-4.78,-4.79,6,0.9999972494946218,0.9999956177390328,0.9999835434913458,0.999935387232832,0.00042271662467,2.7505053782350686e-06,1.6456508654227875e-05
E18.5,39,40,-4.78,-4.76,-4.77,6,0.9999987170202076,0.9999976295304784,0.9999961045346084,0.9999840071433768,0.0002854491274168,1.2829797924052144e-06,3.895465391590136e-06
E18.5,40,41,-4.76,-4.74,-4.75,6,0.9999987957006016,0.9999971874254177,0.9999973215555222,0.9999908263298674,0.000309825024388,1.2042993984273664e-06,2.6784444777661065e-06
E18.5,41,42,-4.74,-4.72,-4.73,6,0.9999992014793998,0.999998220951484,0.9999989032493786,0.9999952014428783,0.000244980482912,7.985206001981382e-07,1.0967506214321077e-06
E18.5,42,43,-4.72,-4.7,-4.71,6,0.9999986201735588,0.9999975361317568,0.9999979637815402,0.999995191981593,0.0002714479746276,1.3798264412168137e-06,2.0362184598443633e-06
E18.5,43,44,-4.7,-4.68,-4.69,6,0.9999963377452382,0.999994647814012,0.9999983265687256,0.9999955957678052,0.000434594183346,3.662254761782613e-06,1.6734312744404178e-06
E18.5,44,45,-4.68,-4.66,-4.67,7,0.9999979779284608,0.9999967977388516,0.9999301320084134,0.999723275352332,0.0003526383414561,2.0220715392094135e-06,6.986799158659185e-05
E18.5,45,46,-4.66,-4.64,-4.65,7,0.9999983618805712,0.9999967839293442,0.999991417900466,0.9999630218252434,0.000421023198468,1.638119428770679e-06,8.582099534026888e-06
E18.5,46,47,-4.64,-4.62,-4.63,8,0.9999982886252248,0.9999965961060304,0.9995516543263004,0.9986211733652286,0.0004420653888279,1.7113747752262043e-06,0.00044834567369955725
E18.5,47,48,-4.62,-4.6,-4.609999999999999,8,0.9999969812587084,0.9999934211832718,0.9998832971337236,0.999647536163624,0.000538743981004,3.018741291604954e-06,0.00011670286627640802
E18.5,48,49,-4.6,-4.58,-4.59,8,0.9999952591261616,0.999989514523708,0.9999839968034412,0.9999414642179292,0.0006172476217969,4.740873838393611e-06,1.600319655881144e-05
E18.5,49,50,-4.58,-4.56,-4.57,8,0.999992103312728,0.9999839781520592,0.9999898464551964,0.9999729537338644,0.0007795132510987,7.896687271968794e-06,1.0153544803603864e-05
E18.5,50,51,-4.56,-4.54,-4.55,8,0.9999788159406588,0.9999571062431014,0.9999905307302664,0.9999846633743426,0.0012920958885146,2.118405934115053e-05,9.469269733552999e-06
E18.5,51,52,-4.54,-4.52,-4.529999999999999,8,0.9999667959771412,0.9999385139794468,0.999994118057018,0.9999862354046688,0.0015133474652826,3.3204022858779325e-05,5.881942982011168e-06
E18.5,52,53,-4.52,-4.5,-4.51,8,0.9999805212188804,0.9999609831885916,0.9999990021761382,0.9999966272173336,0.0011610044585271,1.947878111963064e-05,9.978238617591728e-07
E18.5,53,54,-4.5,-4.48,-4.49,8,0.9999858995135906,0.9999723414233564,0.9999981063499432,0.9999960568946944,0.0009836880110753,1.4100486409374113e-05,1.8936500567612313e-06
E18.5,54,55,-4.48,-4.46,-4.470000000000001,8,0.9999880768934134,0.9999767797260803,0.9999990516485228,0.9999972452192416,0.0009053536523218,1.1923106586597676e-05,9.483514772368196e-07
E18.5,55,56,-4.46,-4.44,-4.45,8,0.9999892521458646,0.9999760510219304,0.9999294562487872,0.9999081178099428,0.0009538937520875,1.0747854135351176e-05,7.054375121284817e-05
E18.5,56,57,-4.44,-4.42,-4.43,8,0.9999906765455076,0.9999809853378274,0.9999978488938156,0.9999959992206556,0.0008525972412642,9.323454492449201e-06,2.1511061844003976e-06
E18.5,57,58,-4.42,-4.4,-4.41,8,0.9999930184024012,0.9999844211385392,0.9999929067507562,0.9999899423791097,0.0008010935129792,6.981597598820777e-06,7.093249243750321e-06
E18.5,58,59,-4.4,-4.38,-4.390000000000001,8,0.9999935420643667,0.999985051627003,0.9999989336511496,0.9999977865439196,0.0007875710943481,6.457935633252809e-06,1.0663488504425445e-06
E18.5,59,60,-4.38,-4.36,-4.37,8,0.9999934457456968,0.99998315865794,0.9999798927732344,0.9999720460316036,0.0008030374935926,6.5542543031815725e-06,2.010722676559773e-05
E18.5,60,61,-4.36,-4.34,-4.35,8,0.9999936771211932,0.9999829891063772,0.9999947302515118,0.9999886748629756,0.0008524193084513,6.322878806752641e-06,5.269748488245796e-06
E18.5,61,62,-4.34,-4.32,-4.33,8,0.9999929095295218,0.9999815307731224,0.9999988178621292,0.999997514060484,0.0009225715484361,7.090470478199329e-06,1.182137870814337e-06
E18.5,62,63,-4.32,-4.3,-4.3100000000000005,8,0.9999962962722262,0.9999907228476268,0.9999993940558256,0.9999988297051512,0.0006430299175479,3.7037277738072305e-06,6.059441743921923e-07
E18.5,63,64,-4.3,-4.28,-4.29,8,0.9999963901763036,0.9999908243922038,0.9999995592910952,0.9999981291990344,0.0006514798593191,3.6098236964043906e-06,4.407089048141799e-07
E18.5,64,65,-4.28,-4.26,-4.27,8,0.9999962623389326,0.9999906922219192,0.999999807858927,0.999999452099023,0.0006509965250857,3.7376610674266786e-06,1.9214107305209893e-07
E18.5,65,66,-4.26,-4.24,-4.25,8,0.999996212904262,0.999991655952869,0.999999617379918,0.9999987148265364,0.0006163054376081,3.7870957380059522e-06,3.8262008195122377e-07
E18.5,66,67,-4.24,-4.22,-4.23,8,0.9999946309177532,0.9999894305176004,0.9999995997314192,0.9999990338775449,0.000676376904235,5.369082246797774e-06,4.002685808357498e-07
E18.5,67,68,-4.22,-4.2,-4.21,8,0.9999933207563036,0.999986864178249,0.9999897317195794,0.999994909166582,0.0009340004781521,6.679243696350312e-06,1.026828042061112e-05
E18.5,68,69,-4.2,-4.18,-4.19,8,0.999996921540006,0.99999256717532,0.9999993034088672,0.9999980141981843,0.0005567127033104,3.0784599940325563e-06,6.965911327760921e-07
E18.5,69,70,-4.18,-4.16,-4.17,8,0.9999968231490862,0.9999935736153628,0.9999994890246532,0.9999983653825644,0.0005301182632898,3.176850913777507e-06,5.109753468124367e-07
E18.5,70,71,-4.16,-4.14,-4.15,8,0.9999960231204208,0.9999918957987473,0.9999995727096528,0.9999984528108762,0.0005919568238263,3.976879579203896e-06,4.2729034721578074e-07
E18.5,71,72,-4.14,-4.12,-4.13,8,0.999998176073511,0.9999956002888996,0.999992472636664,0.9999920179895876,0.0004889186583546,1.8239264889530205e-06,7.527363335979587e-06
E18.5,72,73,-4.12,-4.1,-4.109999999999999,8,0.9999965869392576,0.9999940896796194,0.9999996228273088,0.9999985885550448,0.0005065868376215,3.4130607423632497e-06,3.7717269119053043e-07
E18.5,73,74,-4.1,-4.08,-4.09,8,0.9999972486892496,0.9999939162513952,0.9999994942642664,0.9999981307391578,0.0004964708382018,2.7513107504484324e-06,5.057357336246682e-07
E18.5,74,75,-4.08,-4.06,-4.07,8,0.9999982171179486,0.999995770916,0.9999997200733098,0.9999989030805764,0.0004231655881426,1.7828820514376176e-06,2.7992669016096983e-07
E18.5,75,76,-4.06,-4.04,-4.05,8,0.9999975103312376,0.9999955767140606,0.9999994744995891,0.9999982994313644,0.0004256422752293,2.4896687623732205e-06,5.255004108528638e-07
E18.5,76,77,-4.04,-4.02,-4.029999999999999,8,0.9999973044028152,0.9999957703328765,0.999993364008242,0.9999954089569612,0.0004032531148348,2.695597184798615e-06,6.635991757986126e-06
E18.5,77,78,-4.02,-4.0,-4.01,8,0.999996122485569,0.9999925226613108,0.9999910879284098,0.9999901021455754,0.0005254634536851,3.877514430983275e-06,8.912071590150283e-06
E18.5,78,79,-4.0,-3.98,-3.99,8,0.9999974929755032,0.9999947178199948,0.9999991081929096,0.999998059804849,0.0004624279267356,2.5070244967784205e-06,8.918070903973785e-07
E18.5,79,80,-3.98,-3.96,-3.97,8,0.9999967815800394,0.9999943311304392,0.999999524015466,0.9999985696476688,0.0005104229417232,3.218419960648866e-06,4.759845340096547e-07
E18.5,80,81,-3.96,-3.94,-3.95,8,0.9999971776215972,0.9999947217600051,0.9999996031378028,0.9999983945094438,0.000488579488763,2.8223784027670007e-06,3.9686219721613014e-07
E18.5,81,82,-3.94,-3.92,-3.93,8,0.9999977028747328,0.9999947987570762,0.9999983784139774,0.9999971542570836,0.0004625815329695,2.297125267225475e-06,1.6215860225710088e-06
E18.5,82,83,-3.92,-3.9,-3.91,8,0.9999966423106595,0.9999937561272434,0.9999990557045216,0.9999981679124408,0.0005418278367289,3.3576893404552166e-06,9.44295478366719e-07
E18.5,83,84,-3.9,-3.88,-3.89,8,0.9999955802986552,0.9999930541286096,0.9999989856663158,0.999997792766812,0.0005377886980797,4.419701344793303e-06,1.0143336841572648e-06
E18.5,84,85,-3.88,-3.86,-3.87,8,0.9999935625348576,0.9999915771533116,0.9999981997419132,0.9999969636041888,0.0005959945198112,6.437465142394849e-06,1.8002580868259344e-06
E18.5,85,86,-3.86,-3.84,-3.85,8,0.9999892046731964,0.9999856363248022,0.9999992451421889,0.9999978800417504,0.0007699791049248,1.0795326803592076e-05,7.548578111471471e-07
E18.5,86,87,-3.84,-3.82,-3.83,8,0.9999872104430486,0.9999824416473834,0.99998895286977,0.9999845744122045,0.0008709264896599,1.2789556951386949e-05,1.104713023003523e-05
E18.5,87,88,-3.82,-3.8,-3.81,8,0.9999795303993992,0.999973270379768,0.9998884120615218,0.9998267995891066,0.0010161711069731,2.0469600600758753e-05,0.00011158793847820814
E18.5,88,89,-3.8,-3.78,-3.79,8,0.999970657838041,0.9999673576950812,0.999969227245753,0.9999559970991136,0.0011443183761798,2.9342161959045043e-05,3.0772754247010425e-05
E18.5,89,90,-3.78,-3.76,-3.77,8,0.9999610072426712,0.9999621343283172,0.9999802886499862,0.9999682262782386,0.0011950663819968,3.899275732877072e-05,1.9711350013773554e-05
E18.5,90,91,-3.76,-3.74,-3.75,8,0.9999599175349136,0.9999659989038436,0.9999912371662224,0.9999878475076414,0.0010845201763693,4.008246508635516e-05,8.762833777598011e-06
E18.5,91,92,-3.74,-3.72,-3.73,8,0.999957818659801,0.9999625908646051,0.9999982542153,0.9999968317903152,0.0011338990017675,4.218134019895459e-05,1.7457847000246218e-06
E18.5,92,93,-3.72,-3.7,-3.71,8,0.9999716842350348,0.9999731031596782,0.999998785336435,0.9999968210393964,0.0009498989714051,2.831576496520327e-05,1.2146635649523674e-06
E18.5,93,94,-3.7,-3.68,-3.69,8,0.9999677177982792,0.9999650982219828,0.999993837781012,0.9999945841424542,0.0010747843367125,3.228220172080132e-05,6.162218987970647e-06
E18.5,94,95,-3.68,-3.66,-3.67,8,0.9999747047492245,0.9999731717356026,0.9999993498070292,0.9999971642111763,0.000955693223939,2.529525077554773e-05,6.501929707969367e-07
E18.5,95,96,-3.66,-3.64,-3.65,8,0.9999797394953296,0.9999764267083984,0.9999986232185726,0.9999954238075628,0.0008939855274557,2.026050467041074e-05,1.3767814274201484e-06
E18.5,96,97,-3.64,-3.62,-3.63,8,0.9999829806122142,0.9999811540612052,0.999998993159146,0.9999957176280614,0.0007779422350691,1.7019387785754958e-05,1.0068408540231388e-06
E18.5,97,98,-3.62,-3.6,-3.61,8,0.9999743257646592,0.9999689752537252,0.9999981305295984,0.9999926783151528,0.0010075646180083,2.5674235340833462e-05,1.869470401594242e-06
E18.5,98,99,-3.6,-3.58,-3.59,8,0.9999812172355949,0.9999781175707584,0.9999964248008404,0.99998798097894,0.0008213639174899,1.8782764405145258e-05,3.575199159611131e-06
E18.5,99,100,-3.58,-3.56,-3.5700000000000003,8,0.9999754612568348,0.9999728060187062,0.9999932861091948,0.9999670544513204,0.0009263008911043,2.4538743165214427e-05,6.713890805198908e-06
E18.5,100,101,-3.56,-3.54,-3.55,8,0.9999712305235492,0.9999704562636332,0.9999433664789988,0.9998839703794706,0.0009570683107354,2.8769476450807296e-05,5.663352100115926e-05
E18.5,101,102,-3.54,-3.52,-3.53,8,0.9999546105617276,0.9999572324832758,0.999931496436203,0.9998194999381218,0.0011594264860438,4.538943827236963e-05,6.85035637969511e-05
E18.5,102,103,-3.52,-3.5,-3.51,8,0.9999731543046608,0.9999713183943664,0.9998943299845594,0.9995833908513,0.0009542093302938,2.6845695339172693e-05,0.0001056700154405954
E18.5,103,104,-3.5,-3.48,-3.49,8,0.9999794611998372,0.9999768123507172,0.999864931926108,0.999384541691196,0.000850330699362,2.0538800162839266e-05,0.00013506807389196407
E18.5,104,105,-3.48,-3.46,-3.47,8,0.999981762023764,0.9999811381112784,0.9997958631492652,0.9992515592117364,0.0007468004155238,1.8237976236012976e-05,0.00020413685073483734
E18.5,105,106,-3.46,-3.44,-3.45,8,0.9999815505321836,0.999976691633576,0.9999711414470496,0.9998703331068703,0.0008208305947672,1.844946781637269e-05,2.8858552950428162e-05
E18.5,106,107,-3.44,-3.42,-3.43,8,0.9999830007232878,0.999979245430502,0.9999380372217842,0.9997022431076268,0.0007835695751941,1.699927671217072e-05,6.19627782157961e-05
E18.5,107,108,-3.42,-3.4,-3.41,8,0.9999796731828204,0.9999752605638244,0.99993193677419,0.9997046925692654,0.0008378641823432,2.0326817179561196e-05,6.806322580998891e-05
E18.5,108,109,-3.4,-3.38,-3.39,8,0.9999828466565156,0.999976001126078,0.999918231411708,0.9997278140436662,0.0008111515667998,1.7153343484399564e-05,8.176858829200828e-05
E18.5,109,110,-3.38,-3.36,-3.37,7,0.999980157157364,0.9999743103686104,0.9996288134263748,0.9987725407056256,0.000835671019745,1.9842842636008662e-05,0.0003711865736252262
E18.5,110,111,-3.36,-3.34,-3.35,7,0.9999869276617892,0.9999795935568004,0.997412865035271,0.9952169160352085,0.0007591074078081,1.3072338210795564e-05,0.0025871349647289543
E18.5,111,112,-3.34,-3.32,-3.33,6,0.9999843702054771,0.9999795484529806,0.9969688306838868,0.9925565473375478,0.000697797690716,1.5629794522853402e-05,0.003031169316113247
E18.5,112,113,-3.32,-3.3,-3.31,5,0.999982021910394,0.9999740144536424,0.9999988403973368,0.9999980370286048,0.0008526220075764,1.7978089606018877e-05,1.1596026632254564e-06
E18.5,113,114,-3.3,-3.28,-3.29,5,0.9999841197018234,0.9999758835905526,0.9999994815820946,0.9999989986120524,0.0007818034972436,1.5880298176562668e-05,5.184179053818738e-07
E18.5,114,115,-3.28,-3.26,-3.27,5,0.9999865357041066,0.9999749223459836,0.9999983146260508,0.9999972450143289,0.0008335114822624,1.3464295893439449e-05,1.685373949178448e-06
E18.5,115,116,-3.26,-3.24,-3.25,5,0.999987717023588,0.999974501519456,0.9999993694113616,0.9999981990806842,0.0008482554652157,1.2282976411981394e-05,6.30588638417251e-07
E18.5,116,117,-3.24,-3.22,-3.2300000000000004,5,0.999989233838406,0.9999764740658792,0.9999975012144272,0.999996952468664,0.0008204746096563,1.0766161594011336e-05,2.498785572790929e-06
E18.5,117,118,-3.22,-3.2,-3.21,5,0.999989376053259,0.9999776134925568,0.9999983341337432,0.999996386544909,0.0007983118455707,1.0623946741006307e-05,1.6658662568280747e-06
E18.5,118,119,-3.2,-3.18,-3.1900000000000004,5,0.9999931522507374,0.9999831487114456,0.9999985797051132,0.999996034781482,0.0006928506147818,6.847749262628433e-06,1.4202948868113907e-06
E18.5,119,120,-3.18,-3.16,-3.17,5,0.9999914860635792,0.9999825391047736,0.9999965417056372,0.9999925451049108,0.0007206646563979,8.513936420762036e-06,3.4582943627681217e-06
E18.5,120,121,-3.16,-3.14,-3.1500000000000004,5,0.9999937211285602,0.9999880944927916,0.9999958426493096,0.999988333909426,0.0006027731158034,6.278871439779898e-06,4.157350690370265e-06
E18.5,121,122,-3.14,-3.12,-3.13,5,0.9999958885352837,0.9999900493332592,0.999994882288484,0.9999831153625328,0.0005413111681844,4.111464716349822e-06,5.117711516011703e-06
E18.5,122,123,-3.12,-3.1,-3.1100000000000003,5,0.999996043250094,0.9999926029234568,0.999986719049857,0.9999411739466124,0.0004837460351216,3.956749906053325e-06,1.3280950142968706e-05
E18.5,123,124,-3.1,-3.08,-3.09,5,0.9999981425918048,0.9999952778663822,0.9999372856739386,0.9996755772075532,0.000387865579778,1.857408195249377e-06,6.271432606141936e-05
E18.5,124,125,-3.08,-3.06,-3.0700000000000003,4,0.999998909530109,0.9999966032063138,0.9997133412664514,0.9990454954691208,0.0003368093508713,1.0904698910518817e-06,0.00028665873354860594
E18.5,125,126,-3.06,-3.04,-3.05,3,0.9999985724205545,0.9999988115088756,0.9999999718569096,0.9999999439570394,0.0002102451263308,1.4275794455453905e-06,2.8143090413657035e-08
E18.5,126,127,-3.04,-3.02,-3.03,3,0.9999980821833452,0.9999984767211691,0.999999963203765,0.9999999129910084,0.0002161322009859,1.9178166548172726e-06,3.6796234947900075e-08
E18.5,127,128,-3.02,-3.0,-3.01,3,0.9999968478862408,0.9999975012657156,0.999999982150634,0.9999999442576368,0.00030196019166,3.1521137592305237e-06,1.7849365985256327e-08
E18.5,128,129,-3.0,-2.98,-2.99,3,0.9999983312836622,0.9999984115292636,0.9999999664904272,0.9999999168682712,0.0002426696489161,1.6687163377770986e-06,3.3509572783252395e-08
E18.5,129,130,-2.98,-2.96,-2.97,3,0.9999948150391637,0.9999958559547008,0.9999999917993986,0.9999999632052092,0.0003859141301939,5.184960836346342e-06,8.200601420149667e-09
E18.5,130,131,-2.96,-2.94,-2.95,3,0.9999985264211724,0.9999986243210494,0.99999998184662,0.9999999519694026,0.000229038588078,1.4735788276265538e-06,1.815338002142397e-08
E18.5,131,132,-2.94,-2.92,-2.93,3,0.999998072089912,0.9999983885090816,0.9999999795235204,0.9999999404341092,0.0002495103977508,1.927910088017626e-06,2.0476479622999477e-08
E18.5,132,133,-2.92,-2.9,-2.91,3,0.9999981685782964,0.9999985065278174,0.9999999778875276,0.9999999573858978,0.0002359525651282,1.8314217036241587e-06,2.21124724086863e-08
E18.5,133,134,-2.9,-2.88,-2.89,3,0.9999995617876084,0.9999996319765806,0.9999999638729908,0.9999999506211318,0.0001265043060075,4.382123915958047e-07,3.61270091620014e-08
E18.5,134,135,-2.88,-2.86,-2.87,3,0.999999988620646,0.9999999748828424,0.9999999653515677,0.9999999372505692,4.6199975303139095e-05,1.1379354014628973e-08,3.464843234546322e-08
E18.5,135,136,-2.86,-2.84,-2.85,3,0.9999998606502388,0.999999846448692,0.9999999717138922,0.9999999536582488,8.097904471620681e-05,1.3934976117457865e-07,2.8286107789377013e-08
E18.5,136,137,-2.84,-2.82,-2.83,3,0.9999996337353354,0.9999996951067892,0.9999999246563532,0.9999998287350816,0.0001145386609934,3.6626466459743767e-07,7.53436467659796e-08
E18.5,137,138,-2.82,-2.8,-2.81,3,0.9999979836554038,0.999998391888446,0.9999999777424574,0.9999999527999692,0.0002421319602224,2.0163445961784987e-06,2.225754258677881e-08
E18.5,138,139,-2.8,-2.78,-2.79,3,0.9999990055567228,0.9999991419003414,0.99999992156082,0.9999998752602504,0.0001626595518065,9.944432771691325e-07,7.843918004013517e-08
E18.5,139,140,-2.78,-2.76,-2.77,3,0.9999960804691124,0.9999968870804224,0.9999999277159008,0.9999999343596344,0.0003242356347329,3.919530887630529e-06,7.22840991507212e-08
E18.5,140,141,-2.76,-2.74,-2.75,3,0.9999987877356998,0.9999989937053936,0.999999942840698,0.9999999160537006,0.0001911626086397,1.212264300165522e-06,5.715930195826502e-08
E18.5,141,142,-2.74,-2.72,-2.7300000000000004,3,0.9999975832809008,0.999997983106675,0.9999999185342268,0.999999888376108,0.000270925917525,2.4167190991741805e-06,8.146577323842052e-08
E18.5,142,143,-2.72,-2.7,-2.71,3,0.9999957137739436,0.9999965296306756,0.9999999154400095,0.9999999295854864,0.000339758037472,4.2862260564158206e-06,8.45599904542027e-08
E18.5,143,144,-2.7,-2.68,-2.6900000000000004,3,0.9999973863668278,0.9999976851427046,0.9999998792415564,0.999999911542216,0.0002942663964479,2.613633172221519e-06,1.2075844357806176e-07
E18.5,144,145,-2.68,-2.66,-2.67,3,0.999997005414312,0.9999976350589452,0.9999998807096072,0.9999998769875712,0.0002859005195167,2.994585687976503e-06,1.1929039278602005e-07
E18.5,145,146,-2.66,-2.64,-2.6500000000000004,3,0.9999976338976876,0.9999980136128036,0.9999998119576792,0.9999998414907256,0.0002736531536222,2.3661023124121883e-06,1.880423208255877e-07
E18.5,146,147,-2.64,-2.62,-2.63,3,0.9999980677095488,0.9999983859434602,0.9999999330404448,0.9999999095653856,0.0002483800083138,1.932290451200913e-06,6.695955523383645e-08
E18.5,147,148,-2.62,-2.6,-2.6100000000000003,3,0.999998572661687,0.9999986904470124,0.9999999819507462,0.999999940875792,0.0002237212979435,1.4273383129870254e-06,1.804925375825661e-08
E18.5,148,149,-2.6,-2.58,-2.59,3,0.999998376798507,0.9999985110484126,0.999999968568154,0.9999999214095407,0.0002374289009183,1.6232014929951077e-06,3.143184601483995e-08
E18.5,149,150,-2.58,-2.56,-2.5700000000000003,3,0.999999353604678,0.999999312845035,0.9999999677374484,0.9999999376089724,0.000161261364075,6.463953220459118e-07,3.2262551630246605e-08
E18.5,150,151,-2.56,-2.54,-2.55,3,0.9999978605781622,0.9999981442321864,0.9999999351889584,0.9999998345004462,0.0002628633125968,2.139421837799027e-06,6.481104164457463e-08
E18.5,151,152,-2.54,-2.52,-2.53,3,0.9999983420318708,0.99999829018706,0.999999883675862,0.9999998020009758,0.0002463149284513,1.6579681292316906e-06,1.1632413798867702e-07
E18.5,152,153,-2.52,-2.5,-2.51,3,0.9999959454523952,0.9999960890449454,0.9999999147594602,0.9999997794284832,0.0003616207861225,4.05454760477042e-06,8.524053984881874e-08
E18.5,153,154,-2.5,-2.48,-2.49,3,0.9999999485430904,0.9999999244947556,0.9999999639148136,0.999999884094712,7.64802630081221e-05,5.145690962216065e-08,3.6085186394529956e-08
E18.5,154,155,-2.48,-2.46,-2.47,3,0.999999368627712,0.9999994378510814,0.9999999449964528,0.9999998781511228,0.0001370272303641,6.31372288006915e-07,5.500354716136968e-08
E18.5,155,156,-2.46,-2.44,-2.45,3,0.9999974438010736,0.9999978844835546,0.9999999653589048,0.9999999207747748,0.0002806665696092,2.5561989264177853e-06,3.464109521456038e-08
E18.5,156,157,-2.44,-2.42,-2.43,3,0.9999974813320558,0.999997930015245,0.9999999741375892,0.999999934356682,0.0002808013208355,2.518667944206854e-06,2.5862410768517918e-08
E18.5,157,158,-2.42,-2.4,-2.41,3,0.999995077789132,0.9999957238598874,0.9999999708464988,0.9999999289319358,0.0003897202804921,4.922210868008037e-06,2.9153501168721618e-08
E18.5,158,159,-2.4,-2.38,-2.39,3,0.999995371811658,0.9999961408004832,0.9999999860681446,0.9999999290929444,0.0003712649701672,4.6281883420151715e-06,1.3931855447069097e-08
E18.5,159,160,-2.38,-2.36,-2.37,3,0.9999929074341156,0.999994068814772,0.999999989075577,0.9999999432635212,0.0004583600974521,7.09256588438123e-06,1.0924423032854236e-08
E18.5,160,161,-2.36,-2.34,-2.35,3,0.999993824912209,0.999995137388851,0.9999999655207242,0.9999999290010572,0.0004158453728854,6.1750877909938495e-06,3.4479275767829165e-08
E18.5,161,162,-2.34,-2.32,-2.33,3,0.9999931893678284,0.9999943956673294,0.9999999797831484,0.9999999379019732,0.0004477030733221,6.810632171561082e-06,2.0216851637222533e-08
E18.5,162,163,-2.32,-2.3,-2.31,3,0.9999961315796404,0.9999967268031742,0.999999858609978,0.9999998713199896,0.0003516568204309,3.868420359598446e-06,1.4139002202373518e-07
E18.5,163,164,-2.3,-2.28,-2.29,3,0.9999972756379226,0.999997872724353,0.9999999841259932,0.9999999291625632,0.0002820346167814,2.7243620773775845e-06,1.587400677571793e-08
E18.5,164,165,-2.28,-2.26,-2.27,3,0.9999899813530728,0.9999915533325702,0.9999999882757972,0.9999999407237126,0.0005471470250739,1.001864692717902e-05,1.1724202830798447e-08
E18.5,165,166,-2.26,-2.24,-2.25,3,0.9999882646329618,0.9999901119916692,0.9999999660681926,0.9999999039589492,0.0005943853404472,1.1735367038245847e-05,3.3931807363885014e-08
E18.5,166,167,-2.24,-2.22,-2.2300000000000004,3,0.9999975865718388,0.9999977285298224,0.9999999750161606,0.999999897306856,0.0002998219185761,2.413428161207598e-06,2.4983839441716782e-08
E18.5,167,168,-2.22,-2.2,-2.21,3,0.999993304108938,0.9999937216001866,0.9999999767129776,0.999999898530298,0.0004766200896859,6.6958910619474565e-06,2.3287022421492054e-08
E18.5,168,169,-2.2,-2.18,-2.1900000000000004,3,0.9999831369768536,0.9999838808292906,0.9999999674943092,0.9999998886441784,0.0007437002725508,1.6863023146407308e-05,3.250569080570642e-08
E18.5,169,170,-2.18,-2.16,-2.17,3,0.9999898091525484,0.9999908847133242,0.9999999505609416,0.999999886156036,0.0005811015931957,1.0190847451574392e-05,4.9439058402711566e-08
E18.5,170,171,-2.16,-2.14,-2.1500000000000004,3,0.9999899347223004,0.9999906940773268,0.9999999150221132,0.9999998559289676,0.000588630047371,1.0065277699644604e-05,8.49778868383666e-08
E18.5,171,172,-2.14,-2.12,-2.13,3,0.9999745097056064,0.9999769950571566,0.9999996803869996,0.9999997278406751,0.0009147703197393,2.549029439358197e-05,3.1961300039906604e-07
E18.5,172,173,-2.12,-2.1,-2.1100000000000003,3,0.999995650187478,0.9999957961169108,0.9999999457879036,0.9999998429948206,0.0004023487490056,4.349812521953211e-06,5.421209636757851e-08
E18.5,173,174,-2.1,-2.08,-2.09,3,0.9999936888637492,0.9999928708737174,0.9999999347795644,0.999999825555335,0.0005116876300073,6.311136250825022e-06,6.522043560774904e-08
E18.5,174,175,-2.08,-2.06,-2.0700000000000003,3,0.9999797794537492,0.9999780123089572,0.9999999324472152,0.999999810700844,0.0008767653514215,2.022054625083758e-05,6.75527848104096e-08
E18.5,175,176,-2.06,-2.04,-2.05,3,0.999978722866423,0.9999782611432072,0.9999999402854864,0.9999997775101914,0.0008894927433682,2.1277133577024543e-05,5.971451355613056e-08
E18.5,176,177,-2.04,-2.02,-2.03,3,0.9999740246044336,0.9999736539641124,0.9999999461499938,0.9999997949247396,0.0009833654922645,2.5975395566368853e-05,5.385000623192582e-08
E18.5,177,178,-2.02,-2.0,-2.01,3,0.999959868295249,0.999955973911538,0.9999999150687724,0.9999997357781466,0.0012466603794918,4.0131704751034114e-05,8.493122760633298e-08
E18.5,178,179,-2.0,-1.98,-1.99,3,0.9999671465774328,0.999961669815945,0.9999998484295526,0.9999997178876716,0.001177672147956,3.2853422567202806e-05,1.5157044741531678e-07
E18.5,179,180,-1.98,-1.96,-1.97,3,0.9999484334744528,0.9999386200821284,0.9999999179663852,0.9999996725112088,0.0014814620117926,5.156652554716423e-05,8.203361478997806e-08
E18.5,180,181,-1.96,-1.94,-1.95,3,0.999946154613575,0.9999340143873624,0.999999872442683,0.9999994361994036,0.0015397220907416,5.384538642505543e-05,1.2755731704228168e-07
E18.5,181,182,-1.94,-1.92,-1.93,3,0.9999270500652272,0.9999003575865746,0.9999998836991764,0.9999995434004916,0.0018720104004038,7.294993477280354e-05,1.163008236382268e-07
E18.5,182,183,-1.92,-1.9,-1.91,3,0.9998961998484052,0.9998518502303474,0.99999985495222,0.9999993814164116,0.0022993071408813,0.00010380015159483502,1.450477800091221e-07
E18.5,183,184,-1.9,-1.88,-1.89,3,0.9998824496771568,0.9998079613734904,0.9999997955861424,0.9999990006877306,0.0025664481841801,0.00011755032284321842,2.0441385761849062e-07
E18.5,184,185,-1.88,-1.86,-1.87,3,0.9998544134133294,0.999737466163241,0.9999996532969772,0.9999982184006784,0.0030074603338414,0.00014558658667063185,3.4670302284656174e-07
E18.5,185,186,-1.86,-1.84,-1.85,3,0.9998356281317922,0.9996657679541052,0.9999986328864744,0.9999932574695276,0.0033642191048297,0.00016437186820783545,1.3671135256076994e-06
E18.5,186,187,-1.84,-1.82,-1.83,3,0.9998391715292048,0.9996600915331544,0.9999399383343028,0.9997949874140796,0.0034430423755591,0.00016082847079523788,6.00616656971642e-05
E18.5,187,188,-1.82,-1.8,-1.81,2,0.9999122283850356,0.9998944649512482,0.9999999478241468,0.9999997291976124,0.0020091858857063,8.777161496442698e-05,5.2175853193503485e-08
E18.5,188,189,-1.8,-1.78,-1.79,2,0.9998743432735014,0.9998690091703452,0.999999920407951,0.9999996760619412,0.0020707651177516,0.00012565672649855752,7.959204895158223e-08
E18.5,189,190,-1.78,-1.76,-1.77,2,0.9998540273323012,0.9998429389084512,0.9999999321540156,0.9999995894450598,0.0022898155482225,0.00014597266769877937,6.784598438613898e-08
E18.5,190,191,-1.76,-1.74,-1.75,2,0.9997457139605376,0.999717111885156,0.9999994842658608,0.9999988777721034,0.0030533527269968,0.0002542860394624258,5.157341391726078e-07
E18.5,191,192,-1.74,-1.72,-1.73,2,0.9997519113453353,0.9997082559390628,0.9999991983579852,0.9999973205874638,0.0031345157573864,0.0002480886546647465,8.016420147693992e-07
E18.5,192,193,-1.72,-1.7,-1.71,2,0.9996190473490296,0.999509022690271,0.999981134866038,0.9999458971699022,0.0040679318037101,0.00038095265097037867,1.886513396198719e-05
E18.5,193,194,-1.7,-1.68,-1.69,1,0.9999377384073048,0.9999150501509148,0.9999999803225316,0.9999998462400808,0.0016988717200713,6.226159269517861e-05,1.9677468432455214e-08
E18.5,194,195,-1.68,-1.66,-1.67,1,0.9999999333710026,0.9999996302117108,0.9999999333710026,0.9999996302117108,0.0002102767069244,6.662899743048456e-08,6.662899743048456e-08
E18.5,195,196,-1.66,-1.64,-1.65,1,0.9999999606819976,0.9999996460349052,0.9999999606819976,0.9999996460349052,0.0002200681672566,3.931800240941641e-08,3.931800240941641e-08
E18.5,196,197,-1.64,-1.62,-1.63,1,0.99999993819071,0.9999994986434768,0.99999993819071,0.9999994986434768,0.0002590171886898,6.180929001953217e-08,6.180929001953217e-08
E18.5,197,198,-1.62,-1.6,-1.61,1,0.9999998487648356,0.9999988932142116,0.9999998487648356,0.9999988932142116,0.0003679163240184,1.5123516439174978e-07,1.5123516439174978e-07
E18.5,198,199,-1.6,-1.58,-1.59,1,0.9999994311323056,0.999996001903848,0.9999994311323056,0.999996001903848,0.0007922891255282,5.688676943949034e-07,5.688676943949034e-07
E18.5,199,200,-1.58,-1.56,-1.57,1,0.9999956885337582,0.9999712388344588,0.9999956885337582,0.9999712388344588,0.0019040158281639,4.311466241802009e-06,4.311466241802009e-06
E18.5,200,201,-1.56,-1.54,-1.55,1,0.9999330416806028,0.9994460669509796,0.9999330416806028,0.9994460669509796,0.0088346229124179,6.695831939718122e-05,6.695831939718122e-05
