age,z_index,z_world,display_region,n_spots
E15.5,0,-4.12,BT,68
E15.5,1,-4.1,BT,244
E15.5,2,-4.08,BT,382
E15.5,3,-4.06,BT,518
E15.5,4,-4.04,BT,668
E15.5,5,-4.02,BT,804
E15.5,6,-4.0,BT,974
E15.5,7,-3.98,BT,1163
E15.5,8,-3.96,BT,1369
E15.5,9,-3.94,BT,1607
E15.5,10,-3.92,BT,1878
E15.5,10,-3.92,GE,16
E15.5,11,-3.9,BT,1969
E15.5,11,-3.9,GE,148
E15.5,12,-3.88,BT,1991
E15.5,12,-3.88,GE,348
E15.5,12,-3.88,Septum,10
E15.5,13,-3.86,BT,2007
E15.5,13,-3.86,GE,602
E15.5,13,-3.86,Septum,24
E15.5,14,-3.84,BT,2012
E15.5,14,-3.84,GE,1054
E15.5,14,-3.84,Septum,100
E15.5,15,-3.82,BT,2108
E15.5,15,-3.82,GE,1460
E15.5,15,-3.82,Septum,214
E15.5,16,-3.8,BT,2629
E15.5,16,-3.8,GE,2088
E15.5,16,-3.8,Septum,834
E15.5,17,-3.78,BT,3426
E15.5,17,-3.78,GE,2420
E15.5,17,-3.78,Septum,1204
E15.5,18,-3.76,BT,4966
E15.5,18,-3.76,GE,2842
E15.5,18,-3.76,Septum,1576
E15.5,19,-3.74,BT,5882
E15.5,19,-3.74,GE,3186
E15.5,19,-3.74,Septum,1805
E15.5,20,-3.72,BT,6584
E15.5,20,-3.72,GE,3548
E15.5,20,-3.72,Septum,1941
E15.5,21,-3.7,BT,7317
E15.5,21,-3.7,GE,3830
E15.5,21,-3.7,Septum,2037
E15.5,22,-3.68,BT,7862
E15.5,22,-3.68,GE,4112
E15.5,22,-3.68,Septum,2144
E15.5,23,-3.66,BT,8376
E15.5,23,-3.66,GE,4366
E15.5,23,-3.66,Septum,2207
E15.5,24,-3.64,BT,8707
E15.5,24,-3.64,GE,4644
E15.5,24,-3.64,Septum,2295
E15.5,25,-3.62,BT,8977
E15.5,25,-3.62,GE,4904
E15.5,25,-3.62,Septum,2395
E15.5,26,-3.6,BT,9271
E15.5,26,-3.6,GE,5124
E15.5,26,-3.6,Septum,2469
E15.5,27,-3.58,BT,9493
E15.5,27,-3.58,GE,5366
E15.5,27,-3.58,Septum,2536
E15.5,28,-3.56,BT,9719
E15.5,28,-3.56,GE,5604
E15.5,28,-3.56,Septum,2587
E15.5,29,-3.54,BT,9962
E15.5,29,-3.54,GE,5860
E15.5,29,-3.54,Septum,2645
E15.5,30,-3.52,BT,10174
E15.5,30,-3.52,GE,6132
E15.5,30,-3.52,Septum,2710
E15.5,31,-3.5,BT,10409
E15.5,31,-3.5,GE,6372
E15.5,31,-3.5,Septum,2768
E15.5,32,-3.48,BT,10593
E15.5,32,-3.48,GE,6584
E15.5,32,-3.48,Septum,2814
E15.5,33,-3.46,BT,10772
E15.5,33,-3.46,GE,6776
E15.5,33,-3.46,Septum,2854
E15.5,34,-3.44,BT,10993
E15.5,34,-3.44,GE,6980
E15.5,34,-3.44,Septum,2889
E15.5,35,-3.42,BT,11230
E15.5,35,-3.42,GE,7122
E15.5,35,-3.42,Septum,2928
E15.5,36,-3.4,BT,11495
E15.5,36,-3.4,GE,7303
E15.5,36,-3.4,Septum,2961
E15.5,37,-3.38,BT,11761
E15.5,37,-3.38,CP,48
E15.5,37,-3.38,GE,7404
E15.5,37,-3.38,Septum,3017
E15.5,38,-3.36,BT,11955
E15.5,38,-3.36,CP,102
E15.5,38,-3.36,GE,7510
E15.5,38,-3.36,SeptalVZ,26
E15.5,38,-3.36,Septum,3021
E15.5,39,-3.34,BT,12107
E15.5,39,-3.34,CP,174
E15.5,39,-3.34,GE,7568
E15.5,39,-3.34,SeptalVZ,70
E15.5,39,-3.34,Septum,3026
E15.5,39,-3.34,VentralVZ,2
E15.5,40,-3.32,BT,12204
E15.5,40,-3.32,CP,256
E15.5,40,-3.32,GE,7604
E15.5,40,-3.32,SeptalVZ,110
E15.5,40,-3.32,Septum,3011
E15.5,40,-3.32,VentralVZ,16
E15.5,41,-3.3,BT,12258
E15.5,41,-3.3,CP,326
E15.5,41,-3.3,GE,7630
E15.5,41,-3.3,SeptalVZ,148
E15.5,41,-3.3,Septum,2992
E15.5,41,-3.3,VentralVZ,44
E15.5,42,-3.28,BT,12346
E15.5,42,-3.28,CP,398
E15.5,42,-3.28,GE,7580
E15.5,42,-3.28,IZ,4
E15.5,42,-3.28,SeptalVZ,160
E15.5,42,-3.28,Septum,2979
E15.5,42,-3.28,VentralVZ,86
E15.5,43,-3.26,BT,12424
E15.5,43,-3.26,CP,470
E15.5,43,-3.26,GE,7547
E15.5,43,-3.26,IZ,18
E15.5,43,-3.26,SeptalVZ,176
E15.5,43,-3.26,Septum,2964
E15.5,43,-3.26,VentralVZ,120
E15.5,44,-3.24,BT,12410
E15.5,44,-3.24,CP,528
E15.5,44,-3.24,DorsalVZ,8
E15.5,44,-3.24,GE,7543
E15.5,44,-3.24,IZ,40
E15.5,44,-3.24,SeptalVZ,184
E15.5,44,-3.24,Septum,2957
E15.5,44,-3.24,VentralVZ,144
E15.5,45,-3.22,BT,12388
E15.5,45,-3.22,CP,586
E15.5,45,-3.22,DorsalVZ,24
E15.5,45,-3.22,GE,7585
E15.5,45,-3.22,IZ,54
E15.5,45,-3.22,SeptalVZ,196
E15.5,45,-3.22,Septum,2925
E15.5,45,-3.22,VentralVZ,166
E15.5,46,-3.2,BT,12284
E15.5,46,-3.2,CP,622
E15.5,46,-3.2,DorsalVZ,50
E15.5,46,-3.2,GE,7668
E15.5,46,-3.2,IZ,80
E15.5,46,-3.2,SeptalVZ,204
E15.5,46,-3.2,Septum,2917
E15.5,46,-3.2,VentralVZ,180
E15.5,47,-3.18,BT,12250
E15.5,47,-3.18,CP,672
E15.5,47,-3.18,DorsalVZ,82
E15.5,47,-3.18,GE,7667
E15.5,47,-3.18,IZ,100
E15.5,47,-3.18,SeptalVZ,224
E15.5,47,-3.18,Septum,2875
E15.5,47,-3.18,VentralVZ,196
E15.5,48,-3.16,BT,12118
E15.5,48,-3.16,CP,700
E15.5,48,-3.16,DorsalVZ,128
E15.5,48,-3.16,GE,7697
E15.5,48,-3.16,IZ,110
E15.5,48,-3.16,SeptalVZ,232
E15.5,48,-3.16,Septum,2839
E15.5,48,-3.16,VentralVZ,226
E15.5,49,-3.14,BT,11882
E15.5,49,-3.14,CP,758
E15.5,49,-3.14,DorsalVZ,184
E15.5,49,-3.14,GE,7766
E15.5,49,-3.14,IZ,116
E15.5,49,-3.14,SeptalVZ,252
E15.5,49,-3.14,Septum,2813
E15.5,49,-3.14,VentralVZ,238
E15.5,50,-3.12,BT,11652
E15.5,50,-3.12,CP,804
E15.5,50,-3.12,DorsalVZ,214
E15.5,50,-3.12,GE,7871
E15.5,50,-3.12,IZ,136
E15.5,50,-3.12,SeptalVZ,258
E15.5,50,-3.12,Septum,2756
E15.5,50,-3.12,VentralVZ,240
E15.5,51,-3.1,BT,11248
E15.5,51,-3.1,CP,926
E15.5,51,-3.1,DorsalVZ,224
E15.5,51,-3.1,GE,7989
E15.5,51,-3.1,IZ,166
E15.5,51,-3.1,SeptalVZ,268
E15.5,51,-3.1,Septum,2711
E15.5,51,-3.1,VentralVZ,248
E15.5,52,-3.08,BT,10658
E15.5,52,-3.08,CP,1158
E15.5,52,-3.08,DorsalVZ,242
E15.5,52,-3.08,GE,8173
E15.5,52,-3.08,IZ,250
E15.5,52,-3.08,SeptalVZ,264
E15.5,52,-3.08,Septum,2653
E15.5,52,-3.08,VentralVZ,254
E15.5,53,-3.06,BT,9992
E15.5,53,-3.06,CP,1388
E15.5,53,-3.06,DorsalVZ,258
E15.5,53,-3.06,GE,8354
E15.5,53,-3.06,IZ,392
E15.5,53,-3.06,SeptalVZ,260
E15.5,53,-3.06,Septum,2600
E15.5,53,-3.06,VentralVZ,254
E15.5,54,-3.04,BT,9064
E15.5,54,-3.04,CP,1870
E15.5,54,-3.04,DorsalVZ,276
E15.5,54,-3.04,GE,8572
E15.5,54,-3.04,IZ,524
E15.5,54,-3.04,SeptalVZ,264
E15.5,54,-3.04,Septum,2516
E15.5,54,-3.04,VentralVZ,252
E15.5,55,-3.02,BT,8176
E15.5,55,-3.02,CP,2268
E15.5,55,-3.02,DorsalVZ,298
E15.5,55,-3.02,GE,8735
E15.5,55,-3.02,IZ,680
E15.5,55,-3.02,SeptalVZ,270
E15.5,55,-3.02,Septum,2421
E15.5,55,-3.02,VentralVZ,252
E15.5,56,-3.0,BT,7260
E15.5,56,-3.0,CP,2736
E15.5,56,-3.0,DorsalVZ,334
E15.5,56,-3.0,GE,8922
E15.5,56,-3.0,IZ,856
E15.5,56,-3.0,SeptalVZ,260
E15.5,56,-3.0,Septum,2372
E15.5,56,-3.0,VentralVZ,258
E15.5,57,-2.98,BT,6412
E15.5,57,-2.98,CP,3154
E15.5,57,-2.98,DorsalVZ,354
E15.5,57,-2.98,GE,9101
E15.5,57,-2.98,IZ,1124
E15.5,57,-2.98,SeptalVZ,254
E15.5,57,-2.98,Septum,2275
E15.5,57,-2.98,VentralVZ,256
E15.5,58,-2.96,BT,5866
E15.5,58,-2.96,CP,3292
E15.5,58,-2.96,DorsalVZ,400
E15.5,58,-2.96,GE,9259
E15.5,58,-2.96,IZ,1348
E15.5,58,-2.96,SeptalVZ,254
E15.5,58,-2.96,Septum,2206
E15.5,58,-2.96,VentralVZ,266
E15.5,59,-2.94,BT,5392
E15.5,59,-2.94,CP,3438
E15.5,59,-2.94,DorsalVZ,454
E15.5,59,-2.94,GE,9367
E15.5,59,-2.94,IZ,1560
E15.5,59,-2.94,SeptalVZ,254
E15.5,59,-2.94,Septum,2106
E15.5,59,-2.94,VentralVZ,278
E15.5,60,-2.92,BT,4942
E15.5,60,-2.92,CP,3554
E15.5,60,-2.92,DorsalVZ,558
E15.5,60,-2.92,GE,9482
E15.5,60,-2.92,IZ,1726
E15.5,60,-2.92,SeptalVZ,250
E15.5,60,-2.92,Septum,2004
E15.5,60,-2.92,VentralVZ,284
E15.5,61,-2.9,BT,4502
E15.5,61,-2.9,CP,3592
E15.5,61,-2.9,DorsalVZ,696
E15.5,61,-2.9,GE,9580
E15.5,61,-2.9,IZ,1908
E15.5,61,-2.9,SeptalVZ,248
E15.5,61,-2.9,Septum,1905
E15.5,61,-2.9,VentralVZ,298
E15.5,62,-2.88,BT,4078
E15.5,62,-2.88,CP,3661
E15.5,62,-2.88,DorsalVZ,820
E15.5,62,-2.88,GE,9650
E15.5,62,-2.88,IZ,2106
E15.5,62,-2.88,SeptalVZ,244
E15.5,62,-2.88,Septum,1810
E15.5,62,-2.88,VentralVZ,336
E15.5,63,-2.86,BT,3576
E15.5,63,-2.86,CP,3748
E15.5,63,-2.86,DorsalVZ,990
E15.5,63,-2.86,GE,9692
E15.5,63,-2.86,IZ,2302
E15.5,63,-2.86,SeptalVZ,244
E15.5,63,-2.86,Septum,1704
E15.5,63,-2.86,VentralVZ,394
E15.5,64,-2.84,BT,3094
E15.5,64,-2.84,CP,3857
E15.5,64,-2.84,DorsalVZ,1134
E15.5,64,-2.84,GE,9688
E15.5,64,-2.84,IZ,2444
E15.5,64,-2.84,SeptalVZ,240
E15.5,64,-2.84,Septum,1606
E15.5,64,-2.84,VentralVZ,456
E15.5,65,-2.82,BT,2686
E15.5,65,-2.82,CP,3992
E15.5,65,-2.82,DorsalVZ,1234
E15.5,65,-2.82,GE,9711
E15.5,65,-2.82,IZ,2584
E15.5,65,-2.82,SeptalVZ,236
E15.5,65,-2.82,Septum,1492
E15.5,65,-2.82,VentralVZ,476
E15.5,66,-2.8,BT,2354
E15.5,66,-2.8,CP,4039
E15.5,66,-2.8,DorsalVZ,1308
E15.5,66,-2.8,GE,9689
E15.5,66,-2.8,IZ,2740
E15.5,66,-2.8,SeptalVZ,230
E15.5,66,-2.8,Septum,1407
E15.5,66,-2.8,VentralVZ,516
E15.5,67,-2.78,BT,2118
E15.5,67,-2.78,CP,4108
E15.5,67,-2.78,DorsalVZ,1392
E15.5,67,-2.78,GE,9634
E15.5,67,-2.78,IZ,2802
E15.5,67,-2.78,SeptalVZ,220
E15.5,67,-2.78,Septum,1304
E15.5,67,-2.78,VentralVZ,568
E15.5,68,-2.76,BT,1894
E15.5,68,-2.76,CP,4153
E15.5,68,-2.76,DorsalVZ,1466
E15.5,68,-2.76,GE,9578
E15.5,68,-2.76,IZ,2886
E15.5,68,-2.76,SeptalVZ,214
E15.5,68,-2.76,Septum,1216
E15.5,68,-2.76,VentralVZ,590
E15.5,69,-2.74,BT,1690
E15.5,69,-2.74,CP,4202
E15.5,69,-2.74,DorsalVZ,1534
E15.5,69,-2.74,GE,9524
E15.5,69,-2.74,IZ,2948
E15.5,69,-2.74,SeptalVZ,206
E15.5,69,-2.74,Septum,1135
E15.5,69,-2.74,VentralVZ,590
E15.5,70,-2.72,BT,1554
E15.5,70,-2.72,CP,4302
E15.5,70,-2.72,DorsalVZ,1632
E15.5,70,-2.72,GE,9468
E15.5,70,-2.72,IZ,2958
E15.5,70,-2.72,SeptalVZ,194
E15.5,70,-2.72,Septum,1036
E15.5,70,-2.72,VentralVZ,586
E15.5,71,-2.7,BT,1422
E15.5,71,-2.7,CP,4373
E15.5,71,-2.7,DorsalVZ,1702
E15.5,71,-2.7,GE,9378
E15.5,71,-2.7,IZ,2990
E15.5,71,-2.7,SeptalVZ,182
E15.5,71,-2.7,Septum,968
E15.5,71,-2.7,VentralVZ,606
E15.5,72,-2.68,BT,1326
E15.5,72,-2.68,CP,4458
E15.5,72,-2.68,DorsalVZ,1776
E15.5,72,-2.68,GE,9208
E15.5,72,-2.68,IZ,3032
E15.5,72,-2.68,SeptalVZ,176
E15.5,72,-2.68,Septum,898
E15.5,72,-2.68,VentralVZ,642
E15.5,73,-2.66,BT,1240
E15.5,73,-2.66,CP,4497
E15.5,73,-2.66,DorsalVZ,1856
E15.5,73,-2.66,GE,9058
E15.5,73,-2.66,IZ,3104
E15.5,73,-2.66,SeptalVZ,168
E15.5,73,-2.66,Septum,831
E15.5,73,-2.66,VentralVZ,658
E15.5,74,-2.64,BT,1146
E15.5,74,-2.64,CP,4576
E15.5,74,-2.64,DorsalVZ,1916
E15.5,74,-2.64,GE,8906
E15.5,74,-2.64,IZ,3188
E15.5,74,-2.64,SeptalVZ,154
E15.5,74,-2.64,Septum,734
E15.5,74,-2.64,VentralVZ,676
E15.5,75,-2.62,BT,1058
E15.5,75,-2.62,CP,4632
E15.5,75,-2.62,DorsalVZ,2004
E15.5,75,-2.62,GE,8710
E15.5,75,-2.62,IZ,3238
E15.5,75,-2.62,SeptalVZ,148
E15.5,75,-2.62,Septum,664
E15.5,75,-2.62,VentralVZ,688
E15.5,76,-2.6,BT,996
E15.5,76,-2.6,CP,4713
E15.5,76,-2.6,DorsalVZ,2068
E15.5,76,-2.6,GE,8520
E15.5,76,-2.6,IZ,3248
E15.5,76,-2.6,SeptalVZ,138
E15.5,76,-2.6,Septum,608
E15.5,76,-2.6,VentralVZ,710
E15.5,77,-2.58,BT,938
E15.5,77,-2.58,CP,4734
E15.5,77,-2.58,DorsalVZ,2154
E15.5,77,-2.58,GE,8292
E15.5,77,-2.58,IZ,3272
E15.5,77,-2.58,SeptalVZ,128
E15.5,77,-2.58,Septum,562
E15.5,77,-2.58,VentralVZ,748
E15.5,78,-2.56,BT,900
E15.5,78,-2.56,CP,4745
E15.5,78,-2.56,DorsalVZ,2218
E15.5,78,-2.56,GE,8082
E15.5,78,-2.56,IZ,3300
E15.5,78,-2.56,SeptalVZ,120
E15.5,78,-2.56,Septum,518
E15.5,78,-2.56,VentralVZ,792
E15.5,79,-2.54,BT,862
E15.5,79,-2.54,CP,4807
E15.5,79,-2.54,DorsalVZ,2334
E15.5,79,-2.54,GE,7862
E15.5,79,-2.54,IZ,3256
E15.5,79,-2.54,SeptalVZ,108
E15.5,79,-2.54,Septum,490
E15.5,79,-2.54,VentralVZ,818
E15.5,80,-2.52,BT,844
E15.5,80,-2.52,CP,4830
E15.5,80,-2.52,DorsalVZ,2424
E15.5,80,-2.52,GE,7610
E15.5,80,-2.52,IZ,3278
E15.5,80,-2.52,SeptalVZ,102
E15.5,80,-2.52,Septum,442
E15.5,80,-2.52,VentralVZ,800
E15.5,81,-2.5,BT,798
E15.5,81,-2.5,CP,4865
E15.5,81,-2.5,DorsalVZ,2508
E15.5,81,-2.5,GE,7414
E15.5,81,-2.5,IZ,3322
E15.5,81,-2.5,SeptalVZ,92
E15.5,81,-2.5,Septum,326
E15.5,81,-2.5,VentralVZ,786
E15.5,82,-2.48,BT,766
E15.5,82,-2.48,CP,4924
E15.5,82,-2.48,DorsalVZ,2566
E15.5,82,-2.48,GE,7138
E15.5,82,-2.48,IZ,3394
E15.5,82,-2.48,SeptalVZ,90
E15.5,82,-2.48,Septum,196
E15.5,82,-2.48,VentralVZ,736
E15.5,83,-2.46,BT,724
E15.5,83,-2.46,CP,4941
E15.5,83,-2.46,DorsalVZ,2642
E15.5,83,-2.46,GE,6848
E15.5,83,-2.46,IZ,3502
E15.5,83,-2.46,SeptalVZ,72
E15.5,83,-2.46,Septum,84
E15.5,83,-2.46,VentralVZ,736
E15.5,84,-2.44,BT,682
E15.5,84,-2.44,CP,4928
E15.5,84,-2.44,DorsalVZ,2802
E15.5,84,-2.44,GE,6582
E15.5,84,-2.44,IZ,3614
E15.5,84,-2.44,SeptalVZ,28
E15.5,84,-2.44,VentralVZ,720
E15.5,85,-2.42,BT,642
E15.5,85,-2.42,CP,4902
E15.5,85,-2.42,DorsalVZ,2886
E15.5,85,-2.42,GE,6320
E15.5,85,-2.42,IZ,3692
E15.5,85,-2.42,SeptalVZ,4
E15.5,85,-2.42,VentralVZ,730
E15.5,86,-2.4,BT,612
E15.5,86,-2.4,CP,4905
E15.5,86,-2.4,DorsalVZ,2954
E15.5,86,-2.4,GE,6056
E15.5,86,-2.4,IZ,3760
E15.5,86,-2.4,VentralVZ,718
E15.5,87,-2.38,BT,604
E15.5,87,-2.38,CP,4944
E15.5,87,-2.38,DorsalVZ,3060
E15.5,87,-2.38,GE,5808
E15.5,87,-2.38,IZ,3786
E15.5,87,-2.38,VentralVZ,716
E15.5,88,-2.36,BT,584
E15.5,88,-2.36,CP,4908
E15.5,88,-2.36,DorsalVZ,3108
E15.5,88,-2.36,GE,5530
E15.5,88,-2.36,IZ,3886
E15.5,88,-2.36,VentralVZ,694
E15.5,89,-2.34,BT,564
E15.5,89,-2.34,CP,4972
E15.5,89,-2.34,DorsalVZ,3192
E15.5,89,-2.34,GE,5294
E15.5,89,-2.34,IZ,3886
E15.5,89,-2.34,VentralVZ,698
E15.5,90,-2.32,BT,564
E15.5,90,-2.32,CP,5000
E15.5,90,-2.32,DorsalVZ,3350
E15.5,90,-2.32,GE,5022
E15.5,90,-2.32,IZ,3850
E15.5,90,-2.32,VentralVZ,690
E15.5,91,-2.3,BT,534
E15.5,91,-2.3,CP,4993
E15.5,91,-2.3,DorsalVZ,3408
E15.5,91,-2.3,GE,4760
E15.5,91,-2.3,IZ,3902
E15.5,91,-2.3,VentralVZ,684
E15.5,92,-2.28,BT,520
E15.5,92,-2.28,CP,5031
E15.5,92,-2.28,DorsalVZ,3558
E15.5,92,-2.28,GE,4494
E15.5,92,-2.28,IZ,3862
E15.5,92,-2.28,VentralVZ,684
E15.5,93,-2.26,BT,538
E15.5,93,-2.26,CP,5043
E15.5,93,-2.26,DorsalVZ,3662
E15.5,93,-2.26,GE,4200
E15.5,93,-2.26,IZ,3854
E15.5,93,-2.26,VentralVZ,698
E15.5,94,-2.24,BT,548
E15.5,94,-2.24,CP,5057
E15.5,94,-2.24,DorsalVZ,3814
E15.5,94,-2.24,GE,3894
E15.5,94,-2.24,IZ,3826
E15.5,94,-2.24,VentralVZ,694
E15.5,95,-2.22,BT,552
E15.5,95,-2.22,CP,5110
E15.5,95,-2.22,DorsalVZ,3928
E15.5,95,-2.22,GE,3606
E15.5,95,-2.22,IZ,3806
E15.5,95,-2.22,VentralVZ,690
E15.5,96,-2.2,BT,564
E15.5,96,-2.2,CP,5128
E15.5,96,-2.2,DorsalVZ,4082
E15.5,96,-2.2,GE,3298
E15.5,96,-2.2,IZ,3802
E15.5,96,-2.2,VentralVZ,684
E15.5,97,-2.18,BT,540
E15.5,97,-2.18,CP,5130
E15.5,97,-2.18,DorsalVZ,4190
E15.5,97,-2.18,GE,3038
E15.5,97,-2.18,IZ,3776
E15.5,97,-2.18,VentralVZ,668
E15.5,98,-2.16,BT,518
E15.5,98,-2.16,CP,5093
E15.5,98,-2.16,DorsalVZ,4320
E15.5,98,-2.16,GE,2744
E15.5,98,-2.16,IZ,3814
E15.5,98,-2.16,VentralVZ,658
E15.5,99,-2.14,BT,490
E15.5,99,-2.14,CP,5083
E15.5,99,-2.14,DorsalVZ,4470
E15.5,99,-2.14,GE,2470
E15.5,99,-2.14,IZ,3874
E15.5,99,-2.14,VentralVZ,636
E15.5,100,-2.12,BT,460
E15.5,100,-2.12,CP,5138
E15.5,100,-2.12,DorsalVZ,4560
E15.5,100,-2.12,GE,2226
E15.5,100,-2.12,IZ,3896
E15.5,100,-2.12,VentralVZ,610
E15.5,101,-2.1,BT,422
E15.5,101,-2.1,CP,5164
E15.5,101,-2.1,DorsalVZ,4652
E15.5,101,-2.1,GE,1964
E15.5,101,-2.1,IZ,3946
E15.5,101,-2.1,VentralVZ,580
E15.5,102,-2.08,BT,376
E15.5,102,-2.08,CP,5280
E15.5,102,-2.08,DorsalVZ,4788
E15.5,102,-2.08,GE,1678
E15.5,102,-2.08,IZ,3918
E15.5,102,-2.08,VentralVZ,590
E15.5,103,-2.06,BT,364
E15.5,103,-2.06,CP,5352
E15.5,103,-2.06,DorsalVZ,4904
E15.5,103,-2.06,GE,1400
E15.5,103,-2.06,IZ,3908
E15.5,103,-2.06,VentralVZ,586
E15.5,104,-2.04,BT,372
E15.5,104,-2.04,CP,5403
E15.5,104,-2.04,DorsalVZ,4992
E15.5,104,-2.04,GE,1136
E15.5,104,-2.04,IZ,3904
E15.5,104,-2.04,VentralVZ,564
E15.5,105,-2.02,BT,354
E15.5,105,-2.02,CP,5528
E15.5,105,-2.02,DorsalVZ,5052
E15.5,105,-2.02,GE,846
E15.5,105,-2.02,IZ,3904
E15.5,105,-2.02,VentralVZ,542
E15.5,106,-2.0,BT,328
E15.5,106,-2.0,CP,5605
E15.5,106,-2.0,DorsalVZ,5146
E15.5,106,-2.0,GE,572
E15.5,106,-2.0,IZ,3904
E15.5,106,-2.0,VentralVZ,522
E15.5,107,-1.98,BT,338
E15.5,107,-1.98,CP,5686
E15.5,107,-1.98,DorsalVZ,5194
E15.5,107,-1.98,GE,276
E15.5,107,-1.98,IZ,3910
E15.5,107,-1.98,VentralVZ,512
E15.5,108,-1.96,BT,324
E15.5,108,-1.96,CP,5735
E15.5,108,-1.96,DorsalVZ,5274
E15.5,108,-1.96,GE,100
E15.5,108,-1.96,IZ,3914
E15.5,108,-1.96,VentralVZ,400
E15.5,109,-1.94,BT,270
E15.5,109,-1.94,CP,5729
E15.5,109,-1.94,DorsalVZ,5346
E15.5,109,-1.94,GE,36
E15.5,109,-1.94,IZ,3934
E15.5,109,-1.94,VentralVZ,228
E15.5,110,-1.92,BT,218
E15.5,110,-1.92,CP,5744
E15.5,110,-1.92,DorsalVZ,5378
E15.5,110,-1.92,IZ,3998
E15.5,110,-1.92,VentralVZ,50
E15.5,111,-1.9,BT,116
E15.5,111,-1.9,CP,5693
E15.5,111,-1.9,DorsalVZ,5432
E15.5,111,-1.9,IZ,4102
E15.5,112,-1.88,BT,40
E15.5,112,-1.88,CP,5654
E15.5,112,-1.88,DorsalVZ,5398
E15.5,112,-1.88,IZ,4162
E15.5,113,-1.86,CP,5568
E15.5,113,-1.86,DorsalVZ,5370
E15.5,113,-1.86,IZ,4246
E15.5,114,-1.84,CP,5519
E15.5,114,-1.84,DorsalVZ,5308
E15.5,114,-1.84,IZ,4262
E15.5,115,-1.82,CP,5463
E15.5,115,-1.82,DorsalVZ,5204
E15.5,115,-1.82,IZ,4274
E15.5,116,-1.8,CP,5434
E15.5,116,-1.8,DorsalVZ,5148
E15.5,116,-1.8,IZ,4242
E15.5,117,-1.78,CP,5376
E15.5,117,-1.78,DorsalVZ,5070
E15.5,117,-1.78,IZ,4226
E15.5,118,-1.76,CP,5403
E15.5,118,-1.76,DorsalVZ,5016
E15.5,118,-1.76,IZ,4138
E15.5,119,-1.74,CP,5399
E15.5,119,-1.74,DorsalVZ,4898
E15.5,119,-1.74,IZ,4148
E15.5,120,-1.72,CP,5381
E15.5,120,-1.72,DorsalVZ,4828
E15.5,120,-1.72,IZ,4092
E15.5,121,-1.7,CP,5371
E15.5,121,-1.7,DorsalVZ,4710
E15.5,121,-1.7,IZ,4080
E15.5,122,-1.68,CP,5348
E15.5,122,-1.68,DorsalVZ,4618
E15.5,122,-1.68,IZ,4034
E15.5,123,-1.66,CP,5336
E15.5,123,-1.66,DorsalVZ,4536
E15.5,123,-1.66,IZ,3952
E15.5,124,-1.64,CP,5301
E15.5,124,-1.64,DorsalVZ,4472
E15.5,124,-1.64,IZ,3868
E15.5,125,-1.62,CP,5288
E15.5,125,-1.62,DorsalVZ,4398
E15.5,125,-1.62,IZ,3778
E15.5,126,-1.6,CP,5262
E15.5,126,-1.6,DorsalVZ,4276
E15.5,126,-1.6,IZ,3702
E15.5,127,-1.58,CP,5187
E15.5,127,-1.58,DorsalVZ,4156
E15.5,127,-1.58,IZ,3624
E15.5,128,-1.56,CP,5068
E15.5,128,-1.56,DorsalVZ,4042
E15.5,128,-1.56,IZ,3518
E15.5,129,-1.54,CP,4940
E15.5,129,-1.54,DorsalVZ,3920
E15.5,129,-1.54,IZ,3424
E15.5,130,-1.52,CP,4848
E15.5,130,-1.52,DorsalVZ,3786
E15.5,130,-1.52,IZ,3306
E15.5,131,-1.5,CP,4740
E15.5,131,-1.5,DorsalVZ,3632
E15.5,131,-1.5,IZ,3212
E15.5,132,-1.48,CP,4674
E15.5,132,-1.48,DorsalVZ,3480
E15.5,132,-1.48,IZ,3096
E15.5,133,-1.46,CP,4618
E15.5,133,-1.46,DorsalVZ,3280
E15.5,133,-1.46,IZ,3030
E15.5,134,-1.44,CP,4588
E15.5,134,-1.44,DorsalVZ,2998
E15.5,134,-1.44,IZ,3022
E15.5,135,-1.42,CP,4562
E15.5,135,-1.42,DorsalVZ,2808
E15.5,135,-1.42,IZ,2930
E15.5,136,-1.4,CP,4462
E15.5,136,-1.4,DorsalVZ,2584
E15.5,136,-1.4,IZ,2860
E15.5,137,-1.38,CP,4292
E15.5,137,-1.38,DorsalVZ,2410
E15.5,137,-1.38,IZ,2774
E15.5,138,-1.36,CP,4108
E15.5,138,-1.36,DorsalVZ,2262
E15.5,138,-1.36,IZ,2654
E15.5,139,-1.34,CP,3940
E15.5,139,-1.34,DorsalVZ,2088
E15.5,139,-1.34,IZ,2572
E15.5,140,-1.32,CP,3764
E15.5,140,-1.32,DorsalVZ,1972
E15.5,140,-1.32,IZ,2468
E15.5,141,-1.3,CP,3656
E15.5,141,-1.3,DorsalVZ,1820
E15.5,141,-1.3,IZ,2364
E15.5,142,-1.28,CP,3562
E15.5,142,-1.28,DorsalVZ,1670
E15.5,142,-1.28,IZ,2260
E15.5,143,-1.26,CP,3496
E15.5,143,-1.26,DorsalVZ,1492
E15.5,143,-1.26,IZ,2106
E15.5,144,-1.24,CP,3368
E15.5,144,-1.24,DorsalVZ,1284
E15.5,144,-1.24,IZ,2022
E15.5,145,-1.22,CP,3236
E15.5,145,-1.22,DorsalVZ,1020
E15.5,145,-1.22,IZ,1942
E15.5,146,-1.2,CP,3094
E15.5,146,-1.2,DorsalVZ,764
E15.5,146,-1.2,IZ,1836
E15.5,147,-1.18,CP,3002
E15.5,147,-1.18,DorsalVZ,538
E15.5,147,-1.18,IZ,1674
E15.5,148,-1.16,CP,2972
E15.5,148,-1.16,DorsalVZ,330
E15.5,148,-1.16,IZ,1488
E15.5,149,-1.14,CP,2996
E15.5,149,-1.14,DorsalVZ,168
E15.5,149,-1.14,IZ,1238
E15.5,150,-1.12,CP,2898
E15.5,150,-1.12,DorsalVZ,18
E15.5,150,-1.12,IZ,1000
E15.5,151,-1.1,CP,2768
E15.5,151,-1.1,IZ,576
E15.5,152,-1.08,CP,2458
E15.5,152,-1.08,IZ,282
E15.5,153,-1.06,CP,2092
E15.5,154,-1.04,CP,1518
E15.5,155,-1.02,CP,966
E15.5,156,-1.0,CP,420
E15.5,157,-0.98,CP,136
E18.5,0,-5.56,BT,364
E18.5,1,-5.54,BT,1118
E18.5,1,-5.54,GE,14
E18.5,2,-5.52,BT,2584
E18.5,2,-5.52,GE,236
E18.5,3,-5.5,BT,3291
E18.5,3,-5.5,GE,358
E18.5,4,-5.48,BT,3904
E18.5,4,-5.48,GE,624
E18.5,5,-5.46,BT,4191
E18.5,5,-5.46,GE,1000
E18.5,5,-5.46,Septum,28
E18.5,6,-5.44,BT,4541
E18.5,6,-5.44,GE,1362
E18.5,6,-5.44,Septum,98
E18.5,7,-5.42,BT,5112
E18.5,7,-5.42,GE,1702
E18.5,7,-5.42,Septum,196
E18.5,8,-5.4,BT,6148
E18.5,8,-5.4,GE,2066
E18.5,8,-5.4,Septum,282
E18.5,9,-5.38,BT,7219
E18.5,9,-5.38,GE,2498
E18.5,9,-5.38,Septum,368
E18.5,10,-5.36,BT,8357
E18.5,10,-5.36,GE,3022
E18.5,10,-5.36,Septum,464
E18.5,11,-5.34,BT,9409
E18.5,11,-5.34,GE,3982
E18.5,11,-5.34,Septum,554
E18.5,12,-5.32,BT,10569
E18.5,12,-5.32,GE,4716
E18.5,12,-5.32,Septum,726
E18.5,13,-5.3,BT,11401
E18.5,13,-5.3,GE,5192
E18.5,13,-5.3,Septum,857
E18.5,14,-5.28,BT,12186
E18.5,14,-5.28,GE,5592
E18.5,14,-5.28,Septum,969
E18.5,15,-5.26,BT,12815
E18.5,15,-5.26,GE,6008
E18.5,15,-5.26,Septum,1042
E18.5,16,-5.24,BT,13417
E18.5,16,-5.24,GE,6356
E18.5,16,-5.24,Septum,1124
E18.5,17,-5.22,BT,13934
E18.5,17,-5.22,GE,6668
E18.5,17,-5.22,Septum,1191
E18.5,18,-5.2,BT,14408
E18.5,18,-5.2,GE,6960
E18.5,18,-5.2,Septum,1261
E18.5,19,-5.18,BT,14867
E18.5,19,-5.18,GE,7150
E18.5,19,-5.18,Septum,1356
E18.5,20,-5.16,BT,15452
E18.5,20,-5.16,GE,7326
E18.5,20,-5.16,Septum,1429
E18.5,21,-5.14,BT,15991
E18.5,21,-5.14,GE,7482
E18.5,21,-5.14,Septum,1501
E18.5,22,-5.12,BT,16362
E18.5,22,-5.12,GE,7740
E18.5,22,-5.12,Septum,1612
E18.5,23,-5.1,BT,16881
E18.5,23,-5.1,GE,7758
E18.5,23,-5.1,Septum,1706
E18.5,24,-5.08,BT,17445
E18.5,24,-5.08,GE,7826
E18.5,24,-5.08,Septum,1778
E18.5,25,-5.06,BT,17924
E18.5,25,-5.06,GE,7822
E18.5,25,-5.06,Septum,1897
E18.5,26,-5.04,BT,18430
E18.5,26,-5.04,GE,7844
E18.5,26,-5.04,Septum,1984
E18.5,27,-5.02,BT,18870
E18.5,27,-5.02,GE,7910
E18.5,27,-5.02,Septum,2060
E18.5,28,-5.0,BT,19351
E18.5,28,-5.0,GE,7858
E18.5,28,-5.0,Septum,2202
E18.5,29,-4.98,BT,19834
E18.5,29,-4.98,GE,7854
E18.5,29,-4.98,Septum,2275
E18.5,30,-4.96,BT,20285
E18.5,30,-4.96,GE,7848
E18.5,30,-4.96,Septum,2348
E18.5,31,-4.94,BT,20736
E18.5,31,-4.94,GE,7816
E18.5,31,-4.94,Septum,2461
E18.5,32,-4.92,BT,21170
E18.5,32,-4.92,GE,7798
E18.5,32,-4.92,Septum,2551
E18.5,33,-4.9,BT,21607
E18.5,33,-4.9,GE,7784
E18.5,33,-4.9,Septum,2642
E18.5,34,-4.88,BT,22021
E18.5,34,-4.88,GE,7700
E18.5,34,-4.88,SeptalVZ,94
E18.5,34,-4.88,Septum,2674
E18.5,34,-4.88,VentralVZ,48
E18.5,35,-4.86,BT,22379
E18.5,35,-4.86,GE,7612
E18.5,35,-4.86,SeptalVZ,208
E18.5,35,-4.86,Septum,2664
E18.5,35,-4.86,VentralVZ,128
E18.5,36,-4.84,BT,22779
E18.5,36,-4.84,CP,2
E18.5,36,-4.84,GE,7548
E18.5,36,-4.84,SeptalVZ,304
E18.5,36,-4.84,Septum,2668
E18.5,36,-4.84,VentralVZ,198
E18.5,37,-4.82,BT,23126
E18.5,37,-4.82,CP,12
E18.5,37,-4.82,GE,7478
E18.5,37,-4.82,SeptalVZ,392
E18.5,37,-4.82,Septum,2693
E18.5,37,-4.82,VentralVZ,262
E18.5,38,-4.8,BT,23410
E18.5,38,-4.8,CP,66
E18.5,38,-4.8,GE,7414
E18.5,38,-4.8,SeptalVZ,506
E18.5,38,-4.8,Septum,2681
E18.5,38,-4.8,VentralVZ,318
E18.5,39,-4.78,BT,23614
E18.5,39,-4.78,CP,140
E18.5,39,-4.78,GE,7354
E18.5,39,-4.78,SeptalVZ,584
E18.5,39,-4.78,Septum,2703
E18.5,39,-4.78,VentralVZ,396
E18.5,40,-4.76,BT,23815
E18.5,40,-4.76,CP,218
E18.5,40,-4.76,GE,7306
E18.5,40,-4.76,SeptalVZ,646
E18.5,40,-4.76,Septum,2759
E18.5,40,-4.76,VentralVZ,430
E18.5,41,-4.74,BT,23939
E18.5,41,-4.74,CP,328
E18.5,41,-4.74,GE,7294
E18.5,41,-4.74,SeptalVZ,732
E18.5,41,-4.74,Septum,2795
E18.5,41,-4.74,VentralVZ,442
E18.5,42,-4.72,BT,24082
E18.5,42,-4.72,CP,426
E18.5,42,-4.72,GE,7316
E18.5,42,-4.72,SeptalVZ,790
E18.5,42,-4.72,Septum,2798
E18.5,42,-4.72,VentralVZ,460
E18.5,43,-4.7,BT,24195
E18.5,43,-4.7,CP,544
E18.5,43,-4.7,GE,7318
E18.5,43,-4.7,SeptalVZ,758
E18.5,43,-4.7,Septum,2842
E18.5,43,-4.7,VentralVZ,476
E18.5,44,-4.68,BT,24263
E18.5,44,-4.68,CP,664
E18.5,44,-4.68,GE,7308
E18.5,44,-4.68,IZ,26
E18.5,44,-4.68,SeptalVZ,664
E18.5,44,-4.68,Septum,2931
E18.5,44,-4.68,VentralVZ,480
E18.5,45,-4.66,BT,24290
E18.5,45,-4.66,CP,760
E18.5,45,-4.66,GE,7334
E18.5,45,-4.66,IZ,84
E18.5,45,-4.66,SeptalVZ,614
E18.5,45,-4.66,Septum,3002
E18.5,45,-4.66,VentralVZ,478
E18.5,46,-4.64,BT,24266
E18.5,46,-4.64,CP,844
E18.5,46,-4.64,DorsalVZ,6
E18.5,46,-4.64,GE,7406
E18.5,46,-4.64,IZ,188
E18.5,46,-4.64,SeptalVZ,588
E18.5,46,-4.64,Septum,3070
E18.5,46,-4.64,VentralVZ,496
E18.5,47,-4.62,BT,24170
E18.5,47,-4.62,CP,938
E18.5,47,-4.62,DorsalVZ,22
E18.5,47,-4.62,GE,7422
E18.5,47,-4.62,IZ,334
E18.5,47,-4.62,SeptalVZ,568
E18.5,47,-4.62,Septum,3158
E18.5,47,-4.62,VentralVZ,522
E18.5,48,-4.6,BT,23962
E18.5,48,-4.6,CP,1081
E18.5,48,-4.6,DorsalVZ,56
E18.5,48,-4.6,GE,7490
E18.5,48,-4.6,IZ,534
E18.5,48,-4.6,SeptalVZ,564
E18.5,48,-4.6,Septum,3235
E18.5,48,-4.6,VentralVZ,526
E18.5,49,-4.58,BT,23629
E18.5,49,-4.58,CP,1276
E18.5,49,-4.58,DorsalVZ,88
E18.5,49,-4.58,GE,7552
E18.5,49,-4.58,IZ,780
E18.5,49,-4.58,SeptalVZ,574
E18.5,49,-4.58,Septum,3329
E18.5,49,-4.58,VentralVZ,524
E18.5,50,-4.56,BT,23137
E18.5,50,-4.56,CP,1523
E18.5,50,-4.56,DorsalVZ,116
E18.5,50,-4.56,GE,7626
E18.5,50,-4.56,IZ,1102
E18.5,50,-4.56,SeptalVZ,572
E18.5,50,-4.56,Septum,3417
E18.5,50,-4.56,VentralVZ,524
E18.5,51,-4.54,BT,22134
E18.5,51,-4.54,CP,1845
E18.5,51,-4.54,DorsalVZ,198
E18.5,51,-4.54,GE,7710
E18.5,51,-4.54,IZ,1756
E18.5,51,-4.54,SeptalVZ,572
E18.5,51,-4.54,Septum,3508
E18.5,51,-4.54,VentralVZ,530
E18.5,52,-4.52,BT,20804
E18.5,52,-4.52,CP,2158
E18.5,52,-4.52,DorsalVZ,304
E18.5,52,-4.52,GE,7838
E18.5,52,-4.52,IZ,2722
E18.5,52,-4.52,SeptalVZ,588
E18.5,52,-4.52,Septum,3568
E18.5,52,-4.52,VentralVZ,516
E18.5,53,-4.5,BT,19695
E18.5,53,-4.5,CP,2450
E18.5,53,-4.5,DorsalVZ,400
E18.5,53,-4.5,GE,7936
E18.5,53,-4.5,IZ,3438
E18.5,53,-4.5,SeptalVZ,586
E18.5,53,-4.5,Septum,3643
E18.5,53,-4.5,VentralVZ,518
E18.5,54,-4.48,BT,18710
E18.5,54,-4.48,CP,2677
E18.5,54,-4.48,DorsalVZ,470
E18.5,54,-4.48,GE,8080
E18.5,54,-4.48,IZ,4106
E18.5,54,-4.48,SeptalVZ,588
E18.5,54,-4.48,Septum,3721
E18.5,54,-4.48,VentralVZ,510
E18.5,55,-4.46,BT,17748
E18.5,55,-4.46,CP,2867
E18.5,55,-4.46,DorsalVZ,522
E18.5,55,-4.46,GE,8222
E18.5,55,-4.46,IZ,4754
E18.5,55,-4.46,SeptalVZ,604
E18.5,55,-4.46,Septum,3768
E18.5,55,-4.46,VentralVZ,516
E18.5,56,-4.44,BT,16813
E18.5,56,-4.44,CP,3045
E18.5,56,-4.44,DorsalVZ,600
E18.5,56,-4.44,GE,8412
E18.5,56,-4.44,IZ,5372
E18.5,56,-4.44,SeptalVZ,598
E18.5,56,-4.44,Septum,3807
E18.5,56,-4.44,VentralVZ,506
E18.5,57,-4.42,BT,15981
E18.5,57,-4.42,CP,3174
E18.5,57,-4.42,DorsalVZ,708
E18.5,57,-4.42,GE,8538
E18.5,57,-4.42,IZ,5958
E18.5,57,-4.42,SeptalVZ,606
E18.5,57,-4.42,Septum,3802
E18.5,57,-4.42,VentralVZ,510
E18.5,58,-4.4,BT,15232
E18.5,58,-4.4,CP,3313
E18.5,58,-4.4,DorsalVZ,810
E18.5,58,-4.4,GE,8682
E18.5,58,-4.4,IZ,6466
E18.5,58,-4.4,SeptalVZ,644
E18.5,58,-4.4,Septum,3793
E18.5,58,-4.4,VentralVZ,494
E18.5,59,-4.38,BT,14482
E18.5,59,-4.38,CP,3437
E18.5,59,-4.38,DorsalVZ,934
E18.5,59,-4.38,GE,8818
E18.5,59,-4.38,IZ,6920
E18.5,59,-4.38,SeptalVZ,642
E18.5,59,-4.38,Septum,3810
E18.5,59,-4.38,VentralVZ,486
E18.5,60,-4.36,BT,13876
E18.5,60,-4.36,CP,3564
E18.5,60,-4.36,DorsalVZ,1132
E18.5,60,-4.36,GE,8908
E18.5,60,-4.36,IZ,7252
E18.5,60,-4.36,SeptalVZ,618
E18.5,60,-4.36,Septum,3797
E18.5,60,-4.36,VentralVZ,486
E18.5,61,-4.34,BT,13165
E18.5,61,-4.34,CP,3657
E18.5,61,-4.34,DorsalVZ,1324
E18.5,61,-4.34,GE,9054
E18.5,61,-4.34,IZ,7594
E18.5,61,-4.34,SeptalVZ,598
E18.5,61,-4.34,Septum,3778
E18.5,61,-4.34,VentralVZ,486
E18.5,62,-4.32,BT,12435
E18.5,62,-4.32,CP,3778
E18.5,62,-4.32,DorsalVZ,1524
E18.5,62,-4.32,GE,9188
E18.5,62,-4.32,IZ,7966
E18.5,62,-4.32,SeptalVZ,608
E18.5,62,-4.32,Septum,3732
E18.5,62,-4.32,VentralVZ,484
E18.5,63,-4.3,BT,11963
E18.5,63,-4.3,CP,3812
E18.5,63,-4.3,DorsalVZ,1694
E18.5,63,-4.3,GE,9286
E18.5,63,-4.3,IZ,8142
E18.5,63,-4.3,SeptalVZ,610
E18.5,63,-4.3,Septum,3684
E18.5,63,-4.3,VentralVZ,488
E18.5,64,-4.28,BT,11433
E18.5,64,-4.28,CP,3857
E18.5,64,-4.28,DorsalVZ,1850
E18.5,64,-4.28,GE,9406
E18.5,64,-4.28,IZ,8348
E18.5,64,-4.28,SeptalVZ,640
E18.5,64,-4.28,Septum,3623
E18.5,64,-4.28,VentralVZ,472
E18.5,65,-4.26,BT,10908
E18.5,65,-4.26,CP,3882
E18.5,65,-4.26,DorsalVZ,2004
E18.5,65,-4.26,GE,9530
E18.5,65,-4.26,IZ,8556
E18.5,65,-4.26,SeptalVZ,640
E18.5,65,-4.26,Septum,3576
E18.5,65,-4.26,VentralVZ,468
E18.5,66,-4.24,BT,10500
E18.5,66,-4.24,CP,3916
E18.5,66,-4.24,DorsalVZ,2158
E18.5,66,-4.24,GE,9610
E18.5,66,-4.24,IZ,8720
E18.5,66,-4.24,SeptalVZ,660
E18.5,66,-4.24,Septum,3491
E18.5,66,-4.24,VentralVZ,472
E18.5,67,-4.22,BT,10044
E18.5,67,-4.22,CP,3851
E18.5,67,-4.22,DorsalVZ,2340
E18.5,67,-4.22,GE,9688
E18.5,67,-4.22,IZ,8936
E18.5,67,-4.22,SeptalVZ,666
E18.5,67,-4.22,Septum,3430
E18.5,67,-4.22,VentralVZ,470
E18.5,68,-4.2,BT,9662
E18.5,68,-4.2,CP,3851
E18.5,68,-4.2,DorsalVZ,2546
E18.5,68,-4.2,GE,9704
E18.5,68,-4.2,IZ,9114
E18.5,68,-4.2,SeptalVZ,664
E18.5,68,-4.2,Septum,3362
E18.5,68,-4.2,VentralVZ,470
E18.5,69,-4.18,BT,9238
E18.5,69,-4.18,CP,3878
E18.5,69,-4.18,DorsalVZ,2706
E18.5,69,-4.18,GE,9750
E18.5,69,-4.18,IZ,9204
E18.5,69,-4.18,SeptalVZ,670
E18.5,69,-4.18,Septum,3311
E18.5,69,-4.18,VentralVZ,452
E18.5,70,-4.16,BT,8850
E18.5,70,-4.16,CP,3909
E18.5,70,-4.16,DorsalVZ,2818
E18.5,70,-4.16,GE,9734
E18.5,70,-4.16,IZ,9356
E18.5,70,-4.16,SeptalVZ,658
E18.5,70,-4.16,Septum,3258
E18.5,70,-4.16,VentralVZ,460
E18.5,71,-4.14,BT,8409
E18.5,71,-4.14,CP,3976
E18.5,71,-4.14,DorsalVZ,2920
E18.5,71,-4.14,GE,9664
E18.5,71,-4.14,IZ,9474
E18.5,71,-4.14,SeptalVZ,648
E18.5,71,-4.14,Septum,3186
E18.5,71,-4.14,VentralVZ,474
E18.5,72,-4.12,BT,8018
E18.5,72,-4.12,CP,4031
E18.5,72,-4.12,DorsalVZ,2998
E18.5,72,-4.12,GE,9660
E18.5,72,-4.12,IZ,9558
E18.5,72,-4.12,SeptalVZ,640
E18.5,72,-4.12,Septum,3106
E18.5,72,-4.12,VentralVZ,482
E18.5,73,-4.1,BT,7630
E18.5,73,-4.1,CP,4091
E18.5,73,-4.1,DorsalVZ,3038
E18.5,73,-4.1,GE,9626
E18.5,73,-4.1,IZ,9707
E18.5,73,-4.1,SeptalVZ,636
E18.5,73,-4.1,Septum,3018
E18.5,73,-4.1,VentralVZ,504
E18.5,74,-4.08,BT,7270
E18.5,74,-4.08,CP,4133
E18.5,74,-4.08,DorsalVZ,3120
E18.5,74,-4.08,GE,9612
E18.5,74,-4.08,IZ,9836
E18.5,74,-4.08,SeptalVZ,596
E18.5,74,-4.08,Septum,2968
E18.5,74,-4.08,VentralVZ,516
E18.5,75,-4.06,BT,6898
E18.5,75,-4.06,CP,4173
E18.5,75,-4.06,DorsalVZ,3164
E18.5,75,-4.06,GE,9620
E18.5,75,-4.06,IZ,9961
E18.5,75,-4.06,SeptalVZ,594
E18.5,75,-4.06,Septum,2924
E18.5,75,-4.06,VentralVZ,532
E18.5,76,-4.04,BT,6566
E18.5,76,-4.04,CP,4235
E18.5,76,-4.04,DorsalVZ,3188
E18.5,76,-4.04,GE,9596
E18.5,76,-4.04,IZ,10084
E18.5,76,-4.04,SeptalVZ,604
E18.5,76,-4.04,Septum,2850
E18.5,76,-4.04,VentralVZ,556
E18.5,77,-4.02,BT,6276
E18.5,77,-4.02,CP,4222
E18.5,77,-4.02,DorsalVZ,3258
E18.5,77,-4.02,GE,9554
E18.5,77,-4.02,IZ,10215
E18.5,77,-4.02,SeptalVZ,584
E18.5,77,-4.02,Septum,2778
E18.5,77,-4.02,VentralVZ,576
E18.5,78,-4.0,BT,5960
E18.5,78,-4.0,CP,4260
E18.5,78,-4.0,DorsalVZ,3328
E18.5,78,-4.0,GE,9518
E18.5,78,-4.0,IZ,10325
E18.5,78,-4.0,SeptalVZ,592
E18.5,78,-4.0,Septum,2734
E18.5,78,-4.0,VentralVZ,598
E18.5,79,-3.98,BT,5634
E18.5,79,-3.98,CP,4265
E18.5,79,-3.98,DorsalVZ,3412
E18.5,79,-3.98,GE,9534
E18.5,79,-3.98,IZ,10431
E18.5,79,-3.98,SeptalVZ,564
E18.5,79,-3.98,Septum,2675
E18.5,79,-3.98,VentralVZ,610
E18.5,80,-3.96,BT,5282
E18.5,80,-3.96,CP,4227
E18.5,80,-3.96,DorsalVZ,3478
E18.5,80,-3.96,GE,9494
E18.5,80,-3.96,IZ,10583
E18.5,80,-3.96,SeptalVZ,544
E18.5,80,-3.96,Septum,2620
E18.5,80,-3.96,VentralVZ,614
E18.5,81,-3.94,BT,4948
E18.5,81,-3.94,CP,4214
E18.5,81,-3.94,DorsalVZ,3544
E18.5,81,-3.94,GE,9486
E18.5,81,-3.94,IZ,10734
E18.5,81,-3.94,SeptalVZ,520
E18.5,81,-3.94,Septum,2568
E18.5,81,-3.94,VentralVZ,622
E18.5,82,-3.92,BT,4622
E18.5,82,-3.92,CP,4234
E18.5,82,-3.92,DorsalVZ,3620
E18.5,82,-3.92,GE,9464
E18.5,82,-3.92,IZ,10854
E18.5,82,-3.92,SeptalVZ,496
E18.5,82,-3.92,Septum,2535
E18.5,82,-3.92,VentralVZ,604
E18.5,83,-3.9,BT,4258
E18.5,83,-3.9,CP,4226
E18.5,83,-3.9,DorsalVZ,3694
E18.5,83,-3.9,GE,9446
E18.5,83,-3.9,IZ,11010
E18.5,83,-3.9,SeptalVZ,490
E18.5,83,-3.9,Septum,2477
E18.5,83,-3.9,VentralVZ,606
E18.5,84,-3.88,BT,3916
E18.5,84,-3.88,CP,4248
E18.5,84,-3.88,DorsalVZ,3758
E18.5,84,-3.88,GE,9366
E18.5,84,-3.88,IZ,11195
E18.5,84,-3.88,SeptalVZ,482
E18.5,84,-3.88,Septum,2439
E18.5,84,-3.88,VentralVZ,608
E18.5,85,-3.86,BT,3564
E18.5,85,-3.86,CP,4269
E18.5,85,-3.86,DorsalVZ,3800
E18.5,85,-3.86,GE,9258
E18.5,85,-3.86,IZ,11413
E18.5,85,-3.86,SeptalVZ,480
E18.5,85,-3.86,Septum,2391
E18.5,85,-3.86,VentralVZ,630
E18.5,86,-3.84,BT,3186
E18.5,86,-3.84,CP,4320
E18.5,86,-3.84,DorsalVZ,3888
E18.5,86,-3.84,GE,9114
E18.5,86,-3.84,IZ,11668
E18.5,86,-3.84,SeptalVZ,468
E18.5,86,-3.84,Septum,2339
E18.5,86,-3.84,VentralVZ,670
E18.5,87,-3.82,BT,2754
E18.5,87,-3.82,CP,4376
E18.5,87,-3.82,DorsalVZ,3976
E18.5,87,-3.82,GE,8988
E18.5,87,-3.82,IZ,11928
E18.5,87,-3.82,SeptalVZ,442
E18.5,87,-3.82,Septum,2251
E18.5,87,-3.82,VentralVZ,716
E18.5,88,-3.8,BT,2320
E18.5,88,-3.8,CP,4504
E18.5,88,-3.8,DorsalVZ,4092
E18.5,88,-3.8,GE,8774
E18.5,88,-3.8,IZ,12222
E18.5,88,-3.8,SeptalVZ,424
E18.5,88,-3.8,Septum,2153
E18.5,88,-3.8,VentralVZ,802
E18.5,89,-3.78,BT,1920
E18.5,89,-3.78,CP,4586
E18.5,89,-3.78,DorsalVZ,4180
E18.5,89,-3.78,GE,8482
E18.5,89,-3.78,IZ,12511
E18.5,89,-3.78,SeptalVZ,418
E18.5,89,-3.78,Septum,2046
E18.5,89,-3.78,VentralVZ,956
E18.5,90,-3.76,BT,1618
E18.5,90,-3.76,CP,4644
E18.5,90,-3.76,DorsalVZ,4268
E18.5,90,-3.76,GE,8178
E18.5,90,-3.76,IZ,12819
E18.5,90,-3.76,SeptalVZ,420
E18.5,90,-3.76,Septum,1904
E18.5,90,-3.76,VentralVZ,1110
E18.5,91,-3.74,BT,1360
E18.5,91,-3.74,CP,4658
E18.5,91,-3.74,DorsalVZ,4296
E18.5,91,-3.74,GE,7878
E18.5,91,-3.74,IZ,13219
E18.5,91,-3.74,SeptalVZ,406
E18.5,91,-3.74,Septum,1774
E18.5,91,-3.74,VentralVZ,1224
E18.5,92,-3.72,BT,1136
E18.5,92,-3.72,CP,4704
E18.5,92,-3.72,DorsalVZ,4392
E18.5,92,-3.72,GE,7564
E18.5,92,-3.72,IZ,13558
E18.5,92,-3.72,SeptalVZ,394
E18.5,92,-3.72,Septum,1633
E18.5,92,-3.72,VentralVZ,1302
E18.5,93,-3.7,BT,942
E18.5,93,-3.7,CP,4729
E18.5,93,-3.7,DorsalVZ,4490
E18.5,93,-3.7,GE,7254
E18.5,93,-3.7,IZ,13793
E18.5,93,-3.7,SeptalVZ,382
E18.5,93,-3.7,Septum,1546
E18.5,93,-3.7,VentralVZ,1364
E18.5,94,-3.68,BT,778
E18.5,94,-3.68,CP,4831
E18.5,94,-3.68,DorsalVZ,4624
E18.5,94,-3.68,GE,6900
E18.5,94,-3.68,IZ,13942
E18.5,94,-3.68,SeptalVZ,378
E18.5,94,-3.68,Septum,1458
E18.5,94,-3.68,VentralVZ,1480
E18.5,95,-3.66,BT,642
E18.5,95,-3.66,CP,4869
E18.5,95,-3.66,DorsalVZ,4798
E18.5,95,-3.66,GE,6636
E18.5,95,-3.66,IZ,14059
E18.5,95,-3.66,SeptalVZ,370
E18.5,95,-3.66,Septum,1365
E18.5,95,-3.66,VentralVZ,1516
E18.5,96,-3.64,BT,484
E18.5,96,-3.64,CP,4927
E18.5,96,-3.64,DorsalVZ,4982
E18.5,96,-3.64,GE,6406
E18.5,96,-3.64,IZ,14150
E18.5,96,-3.64,SeptalVZ,350
E18.5,96,-3.64,Septum,1285
E18.5,96,-3.64,VentralVZ,1512
E18.5,97,-3.62,BT,364
E18.5,97,-3.62,CP,5001
E18.5,97,-3.62,DorsalVZ,5110
E18.5,97,-3.62,GE,6208
E18.5,97,-3.62,IZ,14248
E18.5,97,-3.62,SeptalVZ,354
E18.5,97,-3.62,Septum,1193
E18.5,97,-3.62,VentralVZ,1452
E18.5,98,-3.6,BT,244
E18.5,98,-3.6,CP,5083
E18.5,98,-3.6,DorsalVZ,5368
E18.5,98,-3.6,GE,5984
E18.5,98,-3.6,IZ,14326
E18.5,98,-3.6,SeptalVZ,338
E18.5,98,-3.6,Septum,1101
E18.5,98,-3.6,VentralVZ,1406
E18.5,99,-3.58,BT,166
E18.5,99,-3.58,CP,5160
E18.5,99,-3.58,DorsalVZ,5504
E18.5,99,-3.58,GE,5764
E18.5,99,-3.58,IZ,14389
E18.5,99,-3.58,SeptalVZ,330
E18.5,99,-3.58,Septum,1009
E18.5,99,-3.58,VentralVZ,1304
E18.5,100,-3.56,BT,90
E18.5,100,-3.56,CP,5263
E18.5,100,-3.56,DorsalVZ,5684
E18.5,100,-3.56,GE,5542
E18.5,100,-3.56,IZ,14441
E18.5,100,-3.56,SeptalVZ,314
E18.5,100,-3.56,Septum,886
E18.5,100,-3.56,VentralVZ,1268
E18.5,101,-3.54,BT,48
E18.5,101,-3.54,CP,5362
E18.5,101,-3.54,DorsalVZ,5836
E18.5,101,-3.54,GE,5294
E18.5,101,-3.54,IZ,14520
E18.5,101,-3.54,SeptalVZ,314
E18.5,101,-3.54,Septum,752
E18.5,101,-3.54,VentralVZ,1258
E18.5,102,-3.52,BT,28
E18.5,102,-3.52,CP,5421
E18.5,102,-3.52,DorsalVZ,6020
E18.5,102,-3.52,GE,5038
E18.5,102,-3.52,IZ,14653
E18.5,102,-3.52,SeptalVZ,302
E18.5,102,-3.52,Septum,558
E18.5,102,-3.52,VentralVZ,1236
E18.5,103,-3.5,BT,18
E18.5,103,-3.5,CP,5489
E18.5,103,-3.5,DorsalVZ,6220
E18.5,103,-3.5,GE,4816
E18.5,103,-3.5,IZ,14634
E18.5,103,-3.5,SeptalVZ,278
E18.5,103,-3.5,Septum,424
E18.5,103,-3.5,VentralVZ,1240
E18.5,104,-3.48,BT,12
E18.5,104,-3.48,CP,5562
E18.5,104,-3.48,DorsalVZ,6372
E18.5,104,-3.48,GE,4558
E18.5,104,-3.48,IZ,14581
E18.5,104,-3.48,SeptalVZ,254
E18.5,104,-3.48,Septum,334
E18.5,104,-3.48,VentralVZ,1238
E18.5,105,-3.46,BT,26
E18.5,105,-3.46,CP,5607
E18.5,105,-3.46,DorsalVZ,6434
E18.5,105,-3.46,GE,4300
E18.5,105,-3.46,IZ,14549
E18.5,105,-3.46,SeptalVZ,238
E18.5,105,-3.46,Septum,248
E18.5,105,-3.46,VentralVZ,1228
E18.5,106,-3.44,BT,28
E18.5,106,-3.44,CP,5747
E18.5,106,-3.44,DorsalVZ,6560
E18.5,106,-3.44,GE,4014
E18.5,106,-3.44,IZ,14477
E18.5,106,-3.44,SeptalVZ,216
E18.5,106,-3.44,Septum,182
E18.5,106,-3.44,VentralVZ,1252
E18.5,107,-3.42,BT,20
E18.5,107,-3.42,CP,5814
E18.5,107,-3.42,DorsalVZ,6664
E18.5,107,-3.42,GE,3750
E18.5,107,-3.42,IZ,14395
E18.5,107,-3.42,SeptalVZ,190
E18.5,107,-3.42,Septum,122
E18.5,107,-3.42,VentralVZ,1226
E18.5,108,-3.4,BT,24
E18.5,108,-3.4,CP,5880
E18.5,108,-3.4,DorsalVZ,6778
E18.5,108,-3.4,GE,3470
E18.5,108,-3.4,IZ,14344
E18.5,108,-3.4,SeptalVZ,154
E18.5,108,-3.4,Septum,66
E18.5,108,-3.4,VentralVZ,1162
E18.5,109,-3.38,BT,24
E18.5,109,-3.38,CP,5993
E18.5,109,-3.38,DorsalVZ,6866
E18.5,109,-3.38,GE,3196
E18.5,109,-3.38,IZ,14259
E18.5,109,-3.38,SeptalVZ,114
E18.5,109,-3.38,Septum,26
E18.5,109,-3.38,VentralVZ,1074
E18.5,110,-3.36,BT,10
E18.5,110,-3.36,CP,6096
E18.5,110,-3.36,DorsalVZ,6906
E18.5,110,-3.36,GE,2896
E18.5,110,-3.36,IZ,14238
E18.5,110,-3.36,SeptalVZ,66
E18.5,110,-3.36,VentralVZ,1008
E18.5,111,-3.34,BT,4
E18.5,111,-3.34,CP,6185
E18.5,111,-3.34,DorsalVZ,7016
E18.5,111,-3.34,GE,2636
E18.5,111,-3.34,IZ,14164
E18.5,111,-3.34,SeptalVZ,18
E18.5,111,-3.34,VentralVZ,932
E18.5,112,-3.32,BT,2
E18.5,112,-3.32,CP,6278
E18.5,112,-3.32,DorsalVZ,7038
E18.5,112,-3.32,GE,2342
E18.5,112,-3.32,IZ,14177
E18.5,112,-3.32,VentralVZ,912
E18.5,113,-3.3,CP,6366
E18.5,113,-3.3,DorsalVZ,7164
E18.5,113,-3.3,GE,2042
E18.5,113,-3.3,IZ,14106
E18.5,113,-3.3,VentralVZ,876
E18.5,114,-3.28,CP,6485
E18.5,114,-3.28,DorsalVZ,7242
E18.5,114,-3.28,GE,1754
E18.5,114,-3.28,IZ,14067
E18.5,114,-3.28,VentralVZ,828
E18.5,115,-3.26,CP,6607
E18.5,115,-3.26,DorsalVZ,7352
E18.5,115,-3.26,GE,1496
E18.5,115,-3.26,IZ,13918
E18.5,115,-3.26,VentralVZ,726
E18.5,116,-3.24,CP,6825
E18.5,116,-3.24,DorsalVZ,7494
E18.5,116,-3.24,GE,1234
E18.5,116,-3.24,IZ,13720
E18.5,116,-3.24,VentralVZ,662
E18.5,117,-3.22,CP,7065
E18.5,117,-3.22,DorsalVZ,7640
E18.5,117,-3.22,GE,1000
E18.5,117,-3.22,IZ,13447
E18.5,117,-3.22,VentralVZ,608
E18.5,118,-3.2,CP,7224
E18.5,118,-3.2,DorsalVZ,7768
E18.5,118,-3.2,GE,778
E18.5,118,-3.2,IZ,13240
E18.5,118,-3.2,VentralVZ,514
E18.5,119,-3.18,CP,7449
E18.5,119,-3.18,DorsalVZ,7888
E18.5,119,-3.18,GE,614
E18.5,119,-3.18,IZ,13027
E18.5,119,-3.18,VentralVZ,414
E18.5,120,-3.16,CP,7601
E18.5,120,-3.16,DorsalVZ,8080
E18.5,120,-3.16,GE,446
E18.5,120,-3.16,IZ,12849
E18.5,120,-3.16,VentralVZ,346
E18.5,121,-3.14,CP,7682
E18.5,121,-3.14,DorsalVZ,8226
E18.5,121,-3.14,GE,316
E18.5,121,-3.14,IZ,12709
E18.5,121,-3.14,VentralVZ,286
E18.5,122,-3.12,CP,7794
E18.5,122,-3.12,DorsalVZ,8352
E18.5,122,-3.12,GE,202
E18.5,122,-3.12,IZ,12588
E18.5,122,-3.12,VentralVZ,194
E18.5,123,-3.1,CP,7865
E18.5,123,-3.1,DorsalVZ,8456
E18.5,123,-3.1,GE,98
E18.5,123,-3.1,IZ,12433
E18.5,123,-3.1,VentralVZ,158
E18.5,124,-3.08,CP,7979
E18.5,124,-3.08,DorsalVZ,8524
E18.5,124,-3.08,GE,26
E18.5,124,-3.08,IZ,12280
E18.5,124,-3.08,VentralVZ,104
E18.5,125,-3.06,CP,8046
E18.5,125,-3.06,DorsalVZ,8586
E18.5,125,-3.06,IZ,12170
E18.5,125,-3.06,VentralVZ,14
E18.5,126,-3.04,CP,8127
E18.5,126,-3.04,DorsalVZ,8552
E18.5,126,-3.04,IZ,12083
E18.5,127,-3.02,CP,8212
E18.5,127,-3.02,DorsalVZ,8500
E18.5,127,-3.02,IZ,11910
E18.5,128,-3.0,CP,8294
E18.5,128,-3.0,DorsalVZ,8410
E18.5,128,-3.0,IZ,11810
E18.5,129,-2.98,CP,8253
E18.5,129,-2.98,DorsalVZ,8270
E18.5,129,-2.98,IZ,11752
E18.5,130,-2.96,CP,8352
E18.5,130,-2.96,DorsalVZ,8154
E18.5,130,-2.96,IZ,11665
E18.5,131,-2.94,CP,8320
E18.5,131,-2.94,DorsalVZ,8028
E18.5,131,-2.94,IZ,11614
E18.5,132,-2.92,CP,8349
E18.5,132,-2.92,DorsalVZ,7934
E18.5,132,-2.92,IZ,11553
E18.5,133,-2.9,CP,8372
E18.5,133,-2.9,DorsalVZ,7832
E18.5,133,-2.9,IZ,11450
E18.5,134,-2.88,CP,8357
E18.5,134,-2.88,DorsalVZ,7762
E18.5,134,-2.88,IZ,11390
E18.5,135,-2.86,CP,8301
E18.5,135,-2.86,DorsalVZ,7714
E18.5,135,-2.86,IZ,11316
E18.5,136,-2.84,CP,8231
E18.5,136,-2.84,DorsalVZ,7656
E18.5,136,-2.84,IZ,11308
E18.5,137,-2.82,CP,8138
E18.5,137,-2.82,DorsalVZ,7620
E18.5,137,-2.82,IZ,11266
E18.5,138,-2.8,CP,7993
E18.5,138,-2.8,DorsalVZ,7610
E18.5,138,-2.8,IZ,11236
E18.5,139,-2.78,CP,7833
E18.5,139,-2.78,DorsalVZ,7538
E18.5,139,-2.78,IZ,11222
E18.5,140,-2.76,CP,7625
E18.5,140,-2.76,DorsalVZ,7520
E18.5,140,-2.76,IZ,11214
E18.5,141,-2.74,CP,7485
E18.5,141,-2.74,DorsalVZ,7482
E18.5,141,-2.74,IZ,11180
E18.5,142,-2.72,CP,7310
E18.5,142,-2.72,DorsalVZ,7448
E18.5,142,-2.72,IZ,11128
E18.5,143,-2.7,CP,7095
E18.5,143,-2.7,DorsalVZ,7422
E18.5,143,-2.7,IZ,11132
E18.5,144,-2.68,CP,6950
E18.5,144,-2.68,DorsalVZ,7412
E18.5,144,-2.68,IZ,11050
E18.5,145,-2.66,CP,6758
E18.5,145,-2.66,DorsalVZ,7360
E18.5,145,-2.66,IZ,11004
E18.5,146,-2.64,CP,6614
E18.5,146,-2.64,DorsalVZ,7330
E18.5,146,-2.64,IZ,10912
E18.5,147,-2.62,CP,6484
E18.5,147,-2.62,DorsalVZ,7298
E18.5,147,-2.62,IZ,10788
E18.5,148,-2.6,CP,6407
E18.5,148,-2.6,DorsalVZ,7276
E18.5,148,-2.6,IZ,10616
E18.5,149,-2.58,CP,6317
E18.5,149,-2.58,DorsalVZ,7244
E18.5,149,-2.58,IZ,10432
E18.5,150,-2.56,CP,6292
E18.5,150,-2.56,DorsalVZ,7204
E18.5,150,-2.56,IZ,10240
E18.5,151,-2.54,CP,6188
E18.5,151,-2.54,DorsalVZ,7170
E18.5,151,-2.54,IZ,10062
E18.5,152,-2.52,CP,6149
E18.5,152,-2.52,DorsalVZ,7154
E18.5,152,-2.52,IZ,9864
E18.5,153,-2.5,CP,6082
E18.5,153,-2.5,DorsalVZ,7144
E18.5,153,-2.5,IZ,9606
E18.5,154,-2.48,CP,5973
E18.5,154,-2.48,DorsalVZ,7022
E18.5,154,-2.48,IZ,9476
E18.5,155,-2.46,CP,5949
E18.5,155,-2.46,DorsalVZ,6934
E18.5,155,-2.46,IZ,9274
E18.5,156,-2.44,CP,5910
E18.5,156,-2.44,DorsalVZ,6776
E18.5,156,-2.44,IZ,9156
E18.5,157,-2.42,CP,5863
E18.5,157,-2.42,DorsalVZ,6622
E18.5,157,-2.42,IZ,9054
E18.5,158,-2.4,CP,5812
E18.5,158,-2.4,DorsalVZ,6438
E18.5,158,-2.4,IZ,8980
E18.5,159,-2.38,CP,5753
E18.5,159,-2.38,DorsalVZ,6246
E18.5,159,-2.38,IZ,8864
E18.5,160,-2.36,CP,5730
E18.5,160,-2.36,DorsalVZ,6060
E18.5,160,-2.36,IZ,8772
E18.5,161,-2.34,CP,5719
E18.5,161,-2.34,DorsalVZ,5880
E18.5,161,-2.34,IZ,8584
E18.5,162,-2.32,CP,5713
E18.5,162,-2.32,DorsalVZ,5710
E18.5,162,-2.32,IZ,8464
E18.5,163,-2.3,CP,5691
E18.5,163,-2.3,DorsalVZ,5560
E18.5,163,-2.3,IZ,8288
E18.5,164,-2.28,CP,5672
E18.5,164,-2.28,DorsalVZ,5434
E18.5,164,-2.28,IZ,8114
E18.5,165,-2.26,CP,5671
E18.5,165,-2.26,DorsalVZ,5246
E18.5,165,-2.26,IZ,7972
E18.5,166,-2.24,CP,5681
E18.5,166,-2.24,DorsalVZ,5056
E18.5,166,-2.24,IZ,7810
E18.5,167,-2.22,CP,5598
E18.5,167,-2.22,DorsalVZ,4900
E18.5,167,-2.22,IZ,7668
E18.5,168,-2.2,CP,5542
E18.5,168,-2.2,DorsalVZ,4720
E18.5,168,-2.2,IZ,7560
E18.5,169,-2.18,CP,5504
E18.5,169,-2.18,DorsalVZ,4482
E18.5,169,-2.18,IZ,7452
E18.5,170,-2.16,CP,5482
E18.5,170,-2.16,DorsalVZ,4298
E18.5,170,-2.16,IZ,7268
E18.5,171,-2.14,CP,5454
E18.5,171,-2.14,DorsalVZ,4114
E18.5,171,-2.14,IZ,7058
E18.5,172,-2.12,CP,5501
E18.5,172,-2.12,DorsalVZ,3902
E18.5,172,-2.12,IZ,6810
E18.5,173,-2.1,CP,5428
E18.5,173,-2.1,DorsalVZ,3752
E18.5,173,-2.1,IZ,6626
E18.5,174,-2.08,CP,5312
E18.5,174,-2.08,DorsalVZ,3566
E18.5,174,-2.08,IZ,6484
E18.5,175,-2.06,CP,5234
E18.5,175,-2.06,DorsalVZ,3322
E18.5,175,-2.06,IZ,6330
E18.5,176,-2.04,CP,5195
E18.5,176,-2.04,DorsalVZ,3104
E18.5,176,-2.04,IZ,6116
E18.5,177,-2.02,CP,5171
E18.5,177,-2.02,DorsalVZ,2886
E18.5,177,-2.02,IZ,5868
E18.5,178,-2.0,CP,5156
E18.5,178,-2.0,DorsalVZ,2634
E18.5,178,-2.0,IZ,5664
E18.5,179,-1.98,CP,5095
E18.5,179,-1.98,DorsalVZ,2394
E18.5,179,-1.98,IZ,5450
E18.5,180,-1.96,CP,5071
E18.5,180,-1.96,DorsalVZ,2132
E18.5,180,-1.96,IZ,5230
E18.5,181,-1.94,CP,5032
E18.5,181,-1.94,DorsalVZ,1876
E18.5,181,-1.94,IZ,4974
E18.5,182,-1.92,CP,4994
E18.5,182,-1.92,DorsalVZ,1594
E18.5,182,-1.92,IZ,4774
E18.5,183,-1.9,CP,4982
E18.5,183,-1.9,DorsalVZ,1292
E18.5,183,-1.9,IZ,4534
E18.5,184,-1.88,CP,4954
E18.5,184,-1.88,DorsalVZ,978
E18.5,184,-1.88,IZ,4346
E18.5,185,-1.86,CP,4922
E18.5,185,-1.86,DorsalVZ,650
E18.5,185,-1.86,IZ,4146
E18.5,186,-1.84,CP,4885
E18.5,186,-1.84,DorsalVZ,326
E18.5,186,-1.84,IZ,3934
E18.5,187,-1.82,CP,4862
E18.5,187,-1.82,DorsalVZ,56
E18.5,187,-1.82,IZ,3632
E18.5,188,-1.8,CP,4848
E18.5,188,-1.8,IZ,3124
E18.5,189,-1.78,CP,4842
E18.5,189,-1.78,IZ,2514
E18.5,190,-1.76,CP,4806
E18.5,190,-1.76,IZ,1932
E18.5,191,-1.74,CP,4776
E18.5,191,-1.74,IZ,1288
E18.5,192,-1.72,CP,4680
E18.5,192,-1.72,IZ,744
E18.5,193,-1.7,CP,4568
E18.5,193,-1.7,IZ,192
E18.5,194,-1.68,CP,4138
E18.5,195,-1.66,CP,3516
E18.5,196,-1.64,CP,2934
E18.5,197,-1.62,CP,2182
E18.5,198,-1.6,CP,1560
E18.5,199,-1.58,CP,788
E18.5,200,-1.56,CP,258
E18.5,201,-1.54,CP,46
